model,fold,index,truth,probability
Week 5 logistic,1,16,0,0.36386306328955764
Week 5 logistic,1,33,1,0.29324406860936214
Week 5 logistic,1,54,0,0.22696285511331593
Week 5 logistic,1,78,1,0.6329965528262778
Week 5 logistic,1,98,0,0.6007151581992168
Week 5 logistic,1,112,0,0.7665057722694967
Week 5 logistic,1,113,0,0.1305342438004722
Week 5 logistic,1,114,1,0.3997892863020717
Week 5 logistic,1,115,0,0.3989628060395443
Week 5 logistic,1,125,0,0.5770755530574257
Week 5 logistic,1,128,1,0.6042782550129085
Week 5 logistic,1,130,0,0.5321764464717306
Week 5 logistic,1,133,1,0.19686763044919825
Week 5 logistic,1,136,1,0.5071879451720572
Week 5 logistic,1,158,0,0.26604339869484006
Week 5 logistic,1,179,0,0.555287067770209
Week 5 logistic,1,191,1,0.748513297492304
Week 5 logistic,1,192,0,0.5070714700803252
Week 5 logistic,1,227,0,0.6032299229322438
Week 5 logistic,1,228,0,0.37716058579328665
Week 5 logistic,1,230,0,0.42227451906182417
Week 5 logistic,1,234,0,0.404984626270188
Week 5 logistic,1,239,1,0.6188932801028599
Week 5 logistic,1,241,1,0.5455711857187102
Week 5 logistic,1,243,1,0.6443683877313425
Week 5 logistic,1,251,0,0.4279479844647573
Week 5 logistic,1,265,0,0.7110878939680694
Week 5 logistic,1,269,0,0.4704902395916042
Week 5 logistic,1,275,1,0.32665622173311615
Week 5 logistic,1,287,1,0.6203782723121744
Week 5 logistic,1,288,0,0.42405446416502063
Week 5 logistic,1,307,0,0.5588542478747763
Week 5 logistic,1,322,1,0.7169720088987397
Week 5 logistic,1,329,1,0.5394630448311639
Week 5 logistic,1,330,0,0.5500551652231483
Week 5 logistic,1,343,0,0.4866173760014169
Week 5 logistic,1,350,0,0.41719883761771864
Week 5 logistic,1,365,0,0.31737834066963344
Week 5 logistic,1,366,0,0.20675439545498864
Week 5 logistic,1,393,1,0.6040894020751447
Week 5 logistic,1,404,0,0.12214614517923855
Week 5 logistic,1,405,1,0.4230653002524671
Week 5 logistic,1,423,0,0.3589140136388971
Week 5 logistic,1,436,0,0.5197626522930796
Week 5 logistic,1,444,0,0.4506447441945563
Week 5 logistic,1,448,1,0.5884741163409757
Week 5 logistic,1,455,0,0.33995198899376944
Week 5 logistic,1,473,0,0.49491648194341886
Week 5 logistic,1,487,1,0.6786870396863834
Week 5 logistic,1,506,1,0.35087142659502324
Week 5 logistic,1,519,0,0.6241931968769595
Week 5 logistic,1,530,1,0.5589409948229737
Week 5 logistic,1,536,0,0.20020919627776682
Week 5 logistic,1,538,1,0.6054113055977064
Week 5 logistic,1,548,0,0.5131295186746283
Week 5 logistic,1,555,1,0.5939157024045437
Week 5 logistic,1,560,0,0.5921811254224131
Week 5 logistic,1,569,0,0.39097795712344213
Week 5 logistic,1,598,1,0.6199750778981397
Week 5 logistic,1,605,0,0.23696833153882302
Week 5 logistic,1,607,1,0.6542917469114526
Week 5 logistic,1,621,0,0.1757564923059597
Week 5 logistic,1,628,1,0.604553961940218
Week 5 logistic,1,654,1,0.39470479696252764
Week 5 logistic,1,655,0,0.33262082180467945
Week 5 logistic,1,664,0,0.5685952038930037
Week 5 logistic,1,666,0,0.4485908751953844
Week 5 logistic,1,671,1,0.7608048738492
Week 5 logistic,1,672,1,0.6669766124741875
Week 5 logistic,1,676,0,0.48757476021120066
Week 5 logistic,1,678,1,0.6514404465784096
Week 5 logistic,1,697,1,0.6675865661041224
Week 5 logistic,1,700,1,0.5661927259805253
Week 5 logistic,1,705,1,0.6380791173092412
Week 5 logistic,1,707,1,0.5897796460032216
Week 5 logistic,1,716,1,0.49554303100872343
Week 5 logistic,1,719,1,0.551714432821708
Week 5 logistic,1,742,1,0.6459899010989175
Week 5 logistic,1,746,0,0.4318722772116122
Week 5 logistic,1,754,1,0.30163892143623316
Week 5 logistic,1,761,0,0.2356809872968722
Week 5 logistic,1,785,0,0.5015525552138516
Week 5 logistic,1,788,0,0.4972977210061448
Week 5 logistic,1,791,1,0.30742843750566307
Week 5 logistic,1,802,1,0.5255601447291838
Week 5 logistic,1,806,0,0.5855658440491596
Week 5 logistic,1,841,1,0.6045829425995525
Week 5 logistic,1,875,0,0.39721299633507134
Week 5 logistic,1,878,0,0.5655062653711724
Week 5 logistic,1,892,0,0.3551119090962936
Week 5 logistic,1,895,1,0.7458167974334915
Week 5 logistic,1,896,0,0.12259727045350056
Week 5 logistic,1,899,1,0.52568966598994
Week 5 logistic,1,914,1,0.5828983501549844
Week 5 logistic,1,915,0,0.08337012168608732
Week 5 logistic,1,916,1,0.5206915995723512
Week 5 logistic,1,919,1,0.6875762634108664
Week 5 logistic,1,921,0,0.6694932685196955
Week 5 logistic,1,926,1,0.6176298981303056
Week 5 logistic,1,929,0,0.3772657288830175
Week 5 logistic,1,939,1,0.33842006807163416
Week 5 logistic,1,955,1,0.5170034161383524
Week 5 logistic,1,957,1,0.6500718969671981
Week 5 logistic,1,966,1,0.7155138475964563
Week 5 logistic,1,973,0,0.34627100193697813
Week 5 logistic,1,977,0,0.4034893316618962
Week 5 logistic,1,979,0,0.6483180052806928
Week 5 logistic,1,980,1,0.48823643893685564
Week 5 logistic,1,983,0,0.7427510146737247
Week 5 logistic,1,986,1,0.5069522235728658
Week 5 logistic,1,991,1,0.6613192732240313
Week 5 logistic,1,994,0,0.4888752997117968
Week 5 logistic,1,999,0,0.30522493027196523
Week 5 logistic,1,1002,0,0.6238638790614451
Week 5 logistic,1,1009,0,0.2410202921605886
Week 5 logistic,1,1014,1,0.6245007276355431
Week 5 logistic,1,1028,0,0.6387664376600599
Week 5 logistic,1,1047,0,0.5922573012914424
Week 5 logistic,1,1050,1,0.6008232078484562
Week 5 logistic,1,1052,1,0.48845791981688685
Week 5 logistic,1,1056,0,0.14865465210800985
Week 5 logistic,1,1073,1,0.5690331374881409
Week 5 logistic,1,1083,0,0.7600107003057025
Week 5 logistic,1,1090,0,0.36666836144854104
Week 5 logistic,1,1100,0,0.4545455877536426
Week 5 logistic,1,1110,1,0.7121715431897361
Week 5 logistic,1,1115,0,0.36885071499555944
Week 5 logistic,1,1119,1,0.487626456169861
Week 5 logistic,1,1127,1,0.6341679669617688
Week 5 logistic,1,1128,1,0.5793627917770591
Week 5 logistic,1,1134,1,0.622524079446529
Week 5 logistic,1,1139,1,0.5994273077113831
Week 5 logistic,1,1146,1,0.5155516849747356
Week 5 logistic,1,1155,1,0.6100142511396401
Week 5 logistic,1,1161,0,0.37935220174852513
Week 5 logistic,1,1163,0,0.26150618354590077
Week 5 logistic,1,1164,0,0.36143358821531824
Week 5 logistic,1,1188,0,0.23459026888065346
Week 5 logistic,1,1194,1,0.6085057847306157
Week 5 logistic,1,1216,0,0.44710200264546585
Week 5 logistic,1,1221,0,0.44161513105868416
Week 5 logistic,1,1234,1,0.6654847464733183
Week 5 logistic,1,1243,1,0.4415369739771883
Week 5 logistic,1,1257,0,0.6415356516838212
Week 5 logistic,1,1258,1,0.5050136856633485
Week 5 logistic,1,1289,1,0.6160900894660911
Week 5 logistic,1,1298,0,0.43198370565144073
Week 5 logistic,1,1310,1,0.6030848670812031
Week 5 logistic,1,1317,0,0.5872365949963907
Week 5 logistic,1,1322,1,0.4432079427730014
Week 5 logistic,1,1334,1,0.33499032169774945
Week 5 logistic,1,1340,0,0.49142811137115056
Week 5 logistic,1,1343,0,0.565413105202071
Week 5 logistic,1,1349,0,0.6276622867397972
Week 5 logistic,1,1355,1,0.5290089030653221
Week 5 logistic,1,1364,1,0.5649931282301911
Week 5 logistic,1,1379,0,0.6092477057776661
Week 5 logistic,1,1391,0,0.4350465371952014
Week 5 logistic,1,1411,1,0.639804467569358
Week 5 logistic,1,1419,0,0.24769856833046902
Week 5 logistic,1,1433,0,0.5325568388948257
Week 5 logistic,1,1441,0,0.4257071106248034
Week 5 logistic,1,1454,0,0.5429955161543182
Week 5 logistic,1,1459,1,0.5112818665660411
Week 5 logistic,1,1476,0,0.45145281465745873
Week 5 logistic,1,1489,1,0.3285524748168772
Week 5 logistic,1,1496,1,0.5825885941285155
Week 5 logistic,1,1500,0,0.38411312092940814
Week 5 logistic,1,1504,1,0.44403819104685704
Week 5 logistic,1,1516,0,0.5610887287185016
Week 5 logistic,1,1518,0,0.35996458804021336
Week 5 logistic,1,1519,0,0.15820948250494493
Week 5 logistic,1,1545,1,0.6502386277452067
Week 5 logistic,1,1552,1,0.3033130251251401
Week 5 logistic,1,1564,0,0.1838809789761963
Week 5 logistic,1,1576,1,0.26564817826766435
Week 5 logistic,1,1579,0,0.4712634757777722
Week 5 logistic,1,1582,0,0.6207598348632617
Week 5 logistic,1,1584,1,0.5967043699648177
Week 5 logistic,1,1607,1,0.6124611667975439
Week 5 logistic,1,1624,1,0.6256067361066263
Week 5 logistic,1,1626,0,0.5492451520356527
Week 5 logistic,1,1627,0,0.537462242414384
Week 5 logistic,1,1630,0,0.5388657583311579
Week 5 logistic,1,1635,0,0.31452812211571346
Week 5 logistic,1,1643,0,0.4065929681784863
Week 5 logistic,1,1653,1,0.39824181369141193
Week 5 logistic,1,1661,1,0.7512357137943374
Week 5 logistic,1,1663,0,0.4422454110638486
Week 5 logistic,1,1664,1,0.7146070603161437
Week 5 logistic,1,1668,0,0.622885782827354
Week 5 logistic,1,1671,1,0.45792832669827405
Week 5 logistic,1,1679,1,0.600070832925489
Week 5 logistic,1,1685,1,0.3297838895658389
Week 5 logistic,1,1714,1,0.7068967189679044
Week 5 logistic,1,1724,1,0.445110032761864
Week 5 logistic,1,1727,1,0.48964687089825265
Week 5 logistic,1,1754,1,0.6237653667285379
Week 5 logistic,1,1758,1,0.5440104738099935
Week 5 logistic,1,1759,1,0.7580594751946566
Week 5 logistic,1,1763,1,0.6830083097188924
Week 5 logistic,1,1764,0,0.6375401339355625
Week 5 logistic,1,1788,0,0.5779730413058108
Week 5 logistic,1,1790,0,0.5883415955370913
Week 5 logistic,1,1799,0,0.6315160540584249
Week 5 logistic,1,1801,0,0.18592872503161437
Week 5 logistic,1,1832,0,0.5647566833259213
Week 5 logistic,1,1839,0,0.6863474825708976
Week 5 logistic,1,1845,1,0.6636099425389659
Week 5 logistic,1,1847,0,0.5809479031133714
Week 5 logistic,1,1848,1,0.6849008112475613
Week 5 logistic,1,1857,0,0.641702128897388
Week 5 logistic,1,1858,1,0.43713848885624923
Week 5 logistic,1,1872,1,0.7726954323583742
Week 5 logistic,1,1886,0,0.603761730739445
Week 5 logistic,1,1896,0,0.452775790486941
Week 5 logistic,1,1900,1,0.26404108270191967
Week 5 logistic,1,1901,0,0.6476505233556906
Week 5 logistic,1,1917,1,0.13244710605613355
Week 5 logistic,1,1921,0,0.5263418616148525
Week 5 logistic,1,1937,0,0.4177875543374986
Week 5 logistic,1,1956,0,0.3330530022646536
Week 5 logistic,1,1974,0,0.4063240320611186
Week 5 logistic,1,1984,1,0.5930592789676608
Week 5 logistic,1,1990,0,0.48212410361010716
Week 5 logistic,1,1996,1,0.6065858840229388
Week 5 logistic,1,2009,0,0.6281571776721507
Week 5 logistic,1,2010,1,0.23912100927288024
Week 5 logistic,1,2021,1,0.696356110279653
Week 5 logistic,1,2023,1,0.5642020070138533
Week 5 logistic,1,2028,1,0.5416851243487698
Week 5 logistic,1,2030,1,0.6653443251503751
Week 5 logistic,1,2047,0,0.4713744770999146
Week 5 logistic,1,2065,0,0.5205595059221623
Week 5 logistic,1,2085,1,0.6777895368620465
Week 5 logistic,1,2118,1,0.5441229689445332
Week 5 logistic,1,2122,1,0.6023831121959851
Week 5 logistic,1,2123,1,0.49961811473962786
Week 5 logistic,1,2138,1,0.5703402463276441
Week 5 logistic,1,2153,1,0.5506359213607375
Week 5 logistic,1,2155,1,0.4161043375540729
Week 5 logistic,1,2157,0,0.5248375763404786
Week 5 logistic,1,2198,1,0.36400727868098115
Week 5 logistic,1,2204,0,0.09473457650656995
Week 5 logistic,1,2212,1,0.69459717497381
Week 5 logistic,1,2225,1,0.5028169259057343
Week 5 logistic,1,2234,0,0.4917088511754659
Week 5 logistic,1,2250,0,0.5220531216788
Week 5 logistic,1,2251,1,0.4963080362792381
Week 5 logistic,1,2297,0,0.4507169174406304
Week 5 logistic,1,2302,1,0.6791134201012867
Week 5 logistic,1,2312,0,0.6325820778824789
Week 5 logistic,1,2323,1,0.7406401928404034
Week 5 logistic,1,2334,1,0.6038761440268141
Week 5 logistic,1,2335,1,0.2679289918873487
Week 5 logistic,1,2342,0,0.6043845629531469
Week 5 logistic,1,2344,1,0.556015337999811
Week 5 logistic,1,2350,1,0.7103274252165903
Week 5 logistic,1,2358,1,0.759589765418915
Week 5 logistic,1,2381,0,0.18933500438868506
Week 5 logistic,1,2401,0,0.5793029927640234
Week 5 logistic,1,2403,0,0.45486491598166795
Week 5 logistic,1,2410,0,0.22089249128693442
Week 5 logistic,1,2416,0,0.651842426406417
Week 5 logistic,1,2425,1,0.6490351010040315
Week 5 logistic,1,2435,0,0.5236075846721594
Week 5 logistic,1,2436,1,0.5287199964691165
Week 5 logistic,1,2444,0,0.7148710612500039
Week 5 logistic,1,2455,1,0.5781787518685906
Week 5 logistic,1,2458,0,0.28158633358602375
Week 5 logistic,1,2462,0,0.3168448934735223
Week 5 logistic,1,2463,1,0.7035266743126453
Week 5 logistic,1,2488,0,0.06754796632224923
Week 5 logistic,1,2507,0,0.5649967805062606
Week 5 logistic,1,2538,1,0.47147131709091633
Week 5 logistic,1,2547,1,0.7101897610339508
Week 5 logistic,1,2559,1,0.6441916008387366
Week 5 logistic,1,2560,1,0.6694308121817557
Week 5 logistic,1,2579,1,0.7273760225783377
Week 5 logistic,1,2585,1,0.17023630312876434
Week 5 logistic,1,2592,1,0.5685197874576001
Week 5 logistic,1,2603,0,0.37870998839776404
Week 5 logistic,1,2606,0,0.7427462033700906
Week 5 logistic,1,2608,0,0.48737021864717217
Week 5 logistic,1,2613,0,0.5509968027708178
Week 5 logistic,1,2633,1,0.6082226817865334
Week 5 logistic,1,2646,1,0.4217967537892605
Week 5 logistic,1,2655,0,0.39932474540103763
Week 5 logistic,1,2665,1,0.5540576307446421
Week 5 logistic,1,2684,1,0.6130312695329678
Week 5 logistic,1,2687,1,0.603612101517572
Week 5 logistic,1,2691,1,0.6055133366730538
Week 5 logistic,1,2714,1,0.23272663512354055
Week 5 logistic,1,2718,1,0.5657760702115621
Week 5 logistic,1,2725,0,0.5580723465879698
Week 5 logistic,1,2731,1,0.5304169304155241
Week 5 logistic,1,2734,0,0.17033591738215584
Week 5 logistic,1,2736,0,0.4332150537744487
Week 5 logistic,1,2765,1,0.6900159613235315
Week 5 logistic,1,2768,1,0.4699476386938134
Week 5 logistic,1,2774,0,0.2890309064024048
Week 5 logistic,1,2793,1,0.4607980631698574
Week 5 logistic,1,2797,1,0.3147095164838619
Week 5 logistic,1,2810,1,0.6303807743914747
Week 5 logistic,1,2820,1,0.4113160119190742
Week 5 logistic,1,2824,0,0.7548261090213327
Week 5 logistic,1,2835,1,0.5292590962771889
Week 5 logistic,1,2863,1,0.6523195336960455
Week 5 logistic,1,2882,0,0.632730897279947
Week 5 logistic,1,2891,1,0.643764953465793
Week 5 logistic,1,2895,1,0.28192977627485266
Week 5 logistic,1,2897,1,0.6823896723793638
Week 5 logistic,1,2900,1,0.4156416530486563
Week 5 logistic,1,2903,1,0.7476326536780654
Week 5 logistic,1,2906,1,0.5649598446109912
Week 5 logistic,1,2912,0,0.37351375446051455
Week 5 logistic,1,2916,0,0.5289708185718952
Week 5 logistic,1,2923,0,0.2526181106915682
Week 5 logistic,1,2926,1,0.5947221519828119
Week 5 logistic,1,2946,1,0.5741281551719958
Week 5 logistic,1,2947,1,0.39118674475988824
Week 5 logistic,1,2948,0,0.5868654192197267
Week 5 logistic,1,2949,0,0.28070319510698816
Week 5 logistic,1,2951,0,0.2998809666083367
Week 5 logistic,1,2965,0,0.607340587727035
Week 5 logistic,1,2972,1,0.6193431297712376
Week 5 logistic,1,2976,1,0.280594772260541
Week 5 logistic,1,3006,0,0.4987346658992912
Week 5 logistic,1,3011,1,0.3818622705816256
Week 5 logistic,1,3016,1,0.5246409851694008
Week 5 logistic,1,3025,1,0.8071979638208077
Week 5 logistic,1,3032,1,0.6353156767466017
Week 5 logistic,1,3043,1,0.424202349914297
Week 5 logistic,1,3065,1,0.6484710633574583
Week 5 logistic,1,3074,1,0.5847305576212258
Week 5 logistic,1,3110,0,0.4715279373696097
Week 5 logistic,1,3123,0,0.7390578918222162
Week 5 logistic,1,3128,0,0.3527242214084679
Week 5 logistic,1,3136,1,0.7070601243228105
Week 5 logistic,1,3139,1,0.39214420185022464
Week 5 logistic,1,3143,1,0.5130411002549962
Week 5 logistic,1,3145,0,0.5456449304718022
Week 5 logistic,1,3146,1,0.5868750111653925
Week 5 logistic,1,3169,0,0.45704322240287476
Week 5 logistic,1,3170,0,0.6201349161245271
Week 5 logistic,1,3175,0,0.5750173827244726
Week 5 logistic,1,3214,0,0.19848926010010337
Week 5 logistic,1,3224,1,0.7132740758511324
Week 5 logistic,1,3226,0,0.601153838165395
Week 5 logistic,1,3234,0,0.4997041678595303
Week 5 logistic,1,3235,1,0.7256495806947049
Week 5 logistic,1,3258,0,0.5298413736784197
Week 5 logistic,1,3264,0,0.21672304718537394
Week 5 logistic,1,3285,0,0.21112958203201132
Week 5 logistic,1,3298,0,0.2074312949936967
Week 5 logistic,1,3300,1,0.698028615924524
Week 5 logistic,1,3302,0,0.4642572335353413
Week 5 logistic,1,3336,0,0.5928064414869461
Week 5 logistic,1,3343,1,0.6462576078828707
Week 5 logistic,1,3344,1,0.4742019197262703
Week 5 logistic,1,3373,0,0.398638292623853
Week 5 logistic,1,3375,1,0.43454060113498694
Week 5 logistic,1,3376,0,0.26270472780098814
Week 5 logistic,1,3391,1,0.5210251952214446
Week 5 logistic,1,3426,1,0.4191902158691424
Week 5 logistic,1,3437,1,0.6822995890905165
Week 5 logistic,1,3447,1,0.40891966896004794
Week 5 logistic,1,3448,1,0.6469724205985643
Week 5 logistic,1,3449,1,0.46583222635220867
Week 5 logistic,1,3466,1,0.6325825887018619
Week 5 logistic,1,3468,1,0.663405207020166
Week 5 logistic,1,3476,1,0.6481087639436464
Week 5 logistic,1,3477,0,0.5526208180707913
Week 5 logistic,1,3495,0,0.20738757811064631
Week 5 logistic,1,3497,1,0.3079535901791771
Week 5 logistic,1,3538,0,0.15864626565672865
Week 5 logistic,1,3541,0,0.7488557399832342
Week 5 logistic,1,3545,1,0.5788584557938795
Week 5 logistic,1,3551,0,0.16831240067222203
Week 5 logistic,1,3593,0,0.4324251593361938
Week 5 logistic,1,3597,0,0.7675917621188172
Week 5 logistic,1,3599,1,0.6515040313623239
Week 5 logistic,1,3603,1,0.5702924332195498
Week 5 logistic,1,3608,1,0.6624148705025598
Week 5 logistic,1,3610,0,0.39751755282832363
Week 5 logistic,1,3631,0,0.6423270418547357
Week 5 logistic,1,3636,0,0.19065695271002092
Week 5 logistic,1,3645,0,0.6480941208091539
Week 5 logistic,1,3653,1,0.2951787419858617
Week 5 logistic,1,3656,1,0.41990676864611404
Week 5 logistic,1,3660,0,0.727913508867249
Week 5 logistic,1,3664,1,0.6303763674175884
Week 5 logistic,1,3666,1,0.5527458430105588
Week 5 logistic,1,3674,1,0.7425978888239031
Week 5 logistic,1,3678,0,0.6030833877154267
Week 5 logistic,1,3691,1,0.6026185211525616
Week 5 logistic,1,3695,0,0.6253600774007613
Week 5 logistic,1,3729,0,0.5557493821266694
Week 5 logistic,1,3737,0,0.25751022579454375
Week 5 logistic,1,3756,1,0.6568197401914322
Week 5 logistic,1,3757,0,0.647945688099815
Week 5 logistic,1,3761,1,0.5954687104626589
Week 5 logistic,1,3762,0,0.506514820757175
Week 5 logistic,1,3772,1,0.45094183715994307
Week 5 logistic,1,3785,1,0.4675599911274655
Week 5 logistic,1,3801,1,0.6208483851516847
Week 5 logistic,1,3809,1,0.530525063078233
Week 5 logistic,1,3818,1,0.6825303143875315
Week 5 logistic,1,3822,1,0.6988997111877999
Week 5 logistic,1,3824,0,0.5365267798986405
Week 5 logistic,1,3827,0,0.3017134001937798
Week 5 logistic,1,3842,0,0.6678540223947151
Week 5 logistic,1,3863,1,0.6492349132411094
Week 5 logistic,1,3864,1,0.6431524393026431
Week 5 logistic,1,3866,0,0.24535950001711007
Week 5 logistic,1,3882,1,0.5305201211552788
Week 5 logistic,1,3890,1,0.6218100348518072
Week 5 logistic,1,3896,0,0.4696953062033709
Week 5 logistic,1,3900,0,0.4769522265668169
Week 5 logistic,1,3902,0,0.5216498038169253
Week 5 logistic,1,3913,1,0.4934474637172311
Week 5 logistic,1,3919,1,0.7430242206458413
Week 5 logistic,1,3925,1,0.4329218229860668
Week 5 logistic,1,3926,0,0.2971995578553902
Week 5 logistic,1,3939,1,0.41010745621598477
Week 5 logistic,1,3940,1,0.31576448984873884
Week 5 logistic,1,3954,0,0.6955009247264586
Week 5 logistic,1,3956,0,0.5710214619071442
Week 5 logistic,1,3968,0,0.5267583317229203
Week 5 logistic,1,3969,1,0.6603837595475472
Week 5 logistic,1,3978,1,0.6514350671128508
Week 5 logistic,1,3989,0,0.49546235413993905
Week 5 logistic,1,3994,0,0.1519000323818411
Week 5 logistic,1,4022,1,0.618057565018345
Week 5 logistic,1,4030,0,0.39289480206482275
Week 5 logistic,1,4031,1,0.5509164022577704
Week 5 logistic,1,4037,1,0.6315669882304403
Week 5 logistic,1,4057,0,0.49111877899509077
Week 5 logistic,1,4059,1,0.6388027679619548
Week 5 logistic,1,4063,1,0.3897611464576239
Week 5 logistic,1,4084,1,0.5799933617151778
Week 5 logistic,1,4085,1,0.7414866925102753
Week 5 logistic,1,4096,0,0.3173022207614131
Week 5 logistic,1,4105,0,0.10920607903286318
Week 5 logistic,1,4108,0,0.5294372054949352
Week 5 logistic,1,4125,1,0.497088360463346
Week 5 logistic,1,4128,0,0.2945696727754619
Week 5 logistic,1,4151,1,0.371176294766591
Week 5 logistic,1,4162,1,0.642985056441229
Week 5 logistic,1,4172,0,0.2977590397350542
Week 5 logistic,1,4185,1,0.6351508992895089
Week 5 logistic,1,4194,1,0.4187399339261302
Week 5 logistic,1,4195,0,0.3662876846042088
Week 5 logistic,1,4196,1,0.6765544732034608
Week 5 logistic,1,4209,0,0.5953165793178233
Week 5 logistic,1,4218,0,0.2835102044871251
Week 5 logistic,1,4223,1,0.4915668574607349
Week 5 logistic,1,4232,1,0.44529233539462965
Week 5 logistic,1,4264,1,0.5933812716673506
Week 5 logistic,1,4271,0,0.2781714928214474
Week 5 logistic,1,4309,0,0.5955721358032962
Week 5 logistic,1,4339,0,0.5627815750203935
Week 5 logistic,1,4345,0,0.22633400798713071
Week 5 logistic,1,4350,0,0.533202596412503
Week 5 logistic,1,4351,1,0.2745977135758438
Week 5 logistic,1,4364,0,0.580866677213044
Week 5 logistic,1,4370,0,0.4998510172183234
Week 5 logistic,1,4375,0,0.45039236334987554
Week 5 logistic,1,4383,0,0.40426041921432615
Week 5 logistic,1,4389,1,0.43286375943908484
Week 5 logistic,1,4394,0,0.4231757631653334
Week 5 logistic,1,4395,0,0.5403019531708056
Week 5 logistic,1,4411,1,0.5440098987323931
Week 5 logistic,1,4434,0,0.48762104831018366
Week 5 logistic,1,4448,0,0.6546038475858904
Week 5 logistic,1,4462,1,0.4665627333181189
Week 5 logistic,1,4463,1,0.6674940938681033
Week 5 logistic,1,4479,1,0.4997406683414329
Week 5 logistic,1,4486,0,0.5108704948469746
Week 5 logistic,1,4501,1,0.3544326716445479
Week 5 logistic,1,4507,0,0.3884728495489126
Week 5 logistic,1,4511,0,0.670688938973848
Week 5 logistic,1,4529,1,0.5079243825190801
Week 5 logistic,1,4535,1,0.5084068242489929
Week 5 logistic,1,4553,1,0.8042071654193433
Week 5 logistic,1,4584,1,0.5569714954018685
Week 5 logistic,1,4588,0,0.5759561017315552
Week 5 logistic,1,4613,1,0.5575596276115421
Week 5 logistic,1,4614,0,0.7779313990555188
Week 5 logistic,1,4617,0,0.6084564361024987
Week 5 logistic,1,4638,0,0.6432456032995967
Week 5 logistic,1,4657,1,0.7345367183083461
Week 5 logistic,1,4661,0,0.6312571274765202
Week 5 logistic,1,4676,1,0.6484428014128729
Week 5 logistic,1,4677,1,0.33721791951398833
Week 5 logistic,1,4684,0,0.6512282461866958
Week 5 logistic,1,4702,1,0.5760963410468649
Week 5 logistic,1,4707,0,0.3168938043984541
Week 5 logistic,1,4720,0,0.5802229865237047
Week 5 logistic,1,4725,0,0.3931988940843083
Week 5 logistic,1,4739,0,0.6386198011238499
Week 5 logistic,1,4755,0,0.5508508326621794
Week 5 logistic,1,4756,0,0.5579855587404478
Week 5 logistic,1,4766,0,0.5863292860413635
Week 5 logistic,1,4786,0,0.4801161175849653
Week 5 logistic,1,4789,1,0.5582140799123629
Week 5 logistic,1,4799,1,0.7338979086495405
Week 5 logistic,1,4800,1,0.6504123255555349
Week 5 logistic,1,4801,0,0.6761470337736015
Week 5 logistic,1,4812,1,0.4605530211005703
Week 5 logistic,1,4813,1,0.6913544769041625
Week 5 logistic,1,4818,1,0.6142847995957933
Week 5 logistic,1,4820,1,0.604082934777846
Week 5 logistic,1,4824,0,0.29867444281450617
Week 5 logistic,1,4829,0,0.4505815296873522
Week 5 logistic,1,4857,1,0.6398397638320136
Week 5 logistic,1,4865,1,0.5993848401070452
Week 5 logistic,1,4873,1,0.4296952916497039
Week 5 logistic,1,4882,1,0.5685022037853823
Week 5 logistic,1,4891,0,0.5104904774430101
Week 5 logistic,1,4897,0,0.6520779444801533
Week 5 logistic,1,4899,0,0.5549312172711115
Week 5 logistic,1,4911,1,0.6119650708372331
Week 5 logistic,1,4913,0,0.6898656752247064
Week 5 logistic,1,4919,1,0.6945856473682264
Week 5 logistic,1,4922,1,0.6771019092817583
Week 5 logistic,1,4976,1,0.3880731392743907
Week 5 logistic,1,4991,1,0.2871820138252388
Week 5 logistic,1,4993,1,0.5422209218236371
Week 5 logistic,1,4994,1,0.748541141633674
No-history logistic,1,16,0,0.2659717798853827
No-history logistic,1,33,1,0.3262699881636434
No-history logistic,1,54,0,0.2707375759907355
No-history logistic,1,78,1,0.5960323242692397
No-history logistic,1,98,0,0.6745735724347754
No-history logistic,1,112,0,0.6830251499502761
No-history logistic,1,113,0,0.1527622187088824
No-history logistic,1,114,1,0.3680998768372306
No-history logistic,1,115,0,0.4589320115856671
No-history logistic,1,125,0,0.5819604039932785
No-history logistic,1,128,1,0.5692778504840802
No-history logistic,1,130,0,0.49612285862025135
No-history logistic,1,133,1,0.18122804618159727
No-history logistic,1,136,1,0.5553512935341323
No-history logistic,1,158,0,0.3185253531365223
No-history logistic,1,179,0,0.5020905383155564
No-history logistic,1,191,1,0.6769826853775236
No-history logistic,1,192,0,0.5317415059328089
No-history logistic,1,227,0,0.6138133834596197
No-history logistic,1,228,0,0.31297264816224235
No-history logistic,1,230,0,0.44864969318869835
No-history logistic,1,234,0,0.48986562913847514
No-history logistic,1,239,1,0.6658350327491767
No-history logistic,1,241,1,0.6601220130053769
No-history logistic,1,243,1,0.6132365876853677
No-history logistic,1,251,0,0.47556362954334974
No-history logistic,1,265,0,0.6798504954069879
No-history logistic,1,269,0,0.5954233889026963
No-history logistic,1,275,1,0.4402415794279816
No-history logistic,1,287,1,0.6524259517890454
No-history logistic,1,288,0,0.4287767408920939
No-history logistic,1,307,0,0.6302391909121731
No-history logistic,1,322,1,0.6246834857448583
No-history logistic,1,329,1,0.6168931675566708
No-history logistic,1,330,0,0.5503019918427572
No-history logistic,1,343,0,0.5371989863922658
No-history logistic,1,350,0,0.47688325842174517
No-history logistic,1,365,0,0.3844293109898572
No-history logistic,1,366,0,0.2650611165362974
No-history logistic,1,393,1,0.6512458035191312
No-history logistic,1,404,0,0.15445345246809988
No-history logistic,1,405,1,0.4988945618158367
No-history logistic,1,423,0,0.4292102966159806
No-history logistic,1,436,0,0.47410420035528683
No-history logistic,1,444,0,0.42547411313746475
No-history logistic,1,448,1,0.5509324407494733
No-history logistic,1,455,0,0.3858915446708532
No-history logistic,1,473,0,0.462701891200791
No-history logistic,1,487,1,0.6056382839754831
No-history logistic,1,506,1,0.31980238629606467
No-history logistic,1,519,0,0.6442727738821692
No-history logistic,1,530,1,0.6026847501534921
No-history logistic,1,536,0,0.23737997374779532
No-history logistic,1,538,1,0.6718417282125848
No-history logistic,1,548,0,0.456346917639751
No-history logistic,1,555,1,0.6195450238709724
No-history logistic,1,560,0,0.5541199600933023
No-history logistic,1,569,0,0.35919919114925913
No-history logistic,1,598,1,0.6258780430273563
No-history logistic,1,605,0,0.2518778691898755
No-history logistic,1,607,1,0.6565714257579557
No-history logistic,1,621,0,0.23256398605710435
No-history logistic,1,628,1,0.5768544607869869
No-history logistic,1,654,1,0.44411488008070493
No-history logistic,1,655,0,0.39172967366724487
No-history logistic,1,664,0,0.6166547298571383
No-history logistic,1,666,0,0.45212678408328066
No-history logistic,1,671,1,0.6742918750260432
No-history logistic,1,672,1,0.6440184853942607
No-history logistic,1,676,0,0.5628881306917773
No-history logistic,1,678,1,0.6484784331320393
No-history logistic,1,697,1,0.5849401061431538
No-history logistic,1,700,1,0.5726764890789439
No-history logistic,1,705,1,0.6021637116282911
No-history logistic,1,707,1,0.47795719924692665
No-history logistic,1,716,1,0.46158174833838095
No-history logistic,1,719,1,0.5884869871467678
No-history logistic,1,742,1,0.6906694113535461
No-history logistic,1,746,0,0.5106179367552717
No-history logistic,1,754,1,0.3787070738348871
No-history logistic,1,761,0,0.3401624145018723
No-history logistic,1,785,0,0.5867957477622778
No-history logistic,1,788,0,0.5496994731852476
No-history logistic,1,791,1,0.24121236496045528
No-history logistic,1,802,1,0.4872447596835996
No-history logistic,1,806,0,0.5441621954888671
No-history logistic,1,841,1,0.6686584085057772
No-history logistic,1,875,0,0.3600226444442609
No-history logistic,1,878,0,0.622574952143822
No-history logistic,1,892,0,0.3084091150308918
No-history logistic,1,895,1,0.6531806657660255
No-history logistic,1,896,0,0.15252477797457986
No-history logistic,1,899,1,0.64528855581442
No-history logistic,1,914,1,0.6293151211239839
No-history logistic,1,915,0,0.10740325896430081
No-history logistic,1,916,1,0.4364092098299006
No-history logistic,1,919,1,0.6003168044471076
No-history logistic,1,921,0,0.6392481676648263
No-history logistic,1,926,1,0.6236088738457317
No-history logistic,1,929,0,0.4969040666871333
No-history logistic,1,939,1,0.3867681834093154
No-history logistic,1,955,1,0.595077663797553
No-history logistic,1,957,1,0.5534156834394186
No-history logistic,1,966,1,0.6700218805780421
No-history logistic,1,973,0,0.24774558070781552
No-history logistic,1,977,0,0.34201169711464163
No-history logistic,1,979,0,0.6128085093686416
No-history logistic,1,980,1,0.5645931797583633
No-history logistic,1,983,0,0.7056840235234662
No-history logistic,1,986,1,0.6305542848207552
No-history logistic,1,991,1,0.5223341298140041
No-history logistic,1,994,0,0.4079520318207421
No-history logistic,1,999,0,0.28207810590316
No-history logistic,1,1002,0,0.6317022641849148
No-history logistic,1,1009,0,0.3591273840654962
No-history logistic,1,1014,1,0.5303698196622567
No-history logistic,1,1028,0,0.6124029297075873
No-history logistic,1,1047,0,0.6170128698781353
No-history logistic,1,1050,1,0.5564341258620075
No-history logistic,1,1052,1,0.547321642038456
No-history logistic,1,1056,0,0.1391423163606521
No-history logistic,1,1073,1,0.5747440526901918
No-history logistic,1,1083,0,0.6346898014873861
No-history logistic,1,1090,0,0.3939926520564905
No-history logistic,1,1100,0,0.4257736600230285
No-history logistic,1,1110,1,0.6606597006283961
No-history logistic,1,1115,0,0.4430791525049141
No-history logistic,1,1119,1,0.4706502806623986
No-history logistic,1,1127,1,0.592744319657537
No-history logistic,1,1128,1,0.4946029451866559
No-history logistic,1,1134,1,0.590111081718134
No-history logistic,1,1139,1,0.5096620591436853
No-history logistic,1,1146,1,0.6366091031183492
No-history logistic,1,1155,1,0.5913210189458289
No-history logistic,1,1161,0,0.41642385807186705
No-history logistic,1,1163,0,0.2677085828709922
No-history logistic,1,1164,0,0.44412502299589296
No-history logistic,1,1188,0,0.30309384119677396
No-history logistic,1,1194,1,0.5028601323334122
No-history logistic,1,1216,0,0.5292914908607972
No-history logistic,1,1221,0,0.4634166268096395
No-history logistic,1,1234,1,0.6296616770126217
No-history logistic,1,1243,1,0.4746878073314054
No-history logistic,1,1257,0,0.5821973157125457
No-history logistic,1,1258,1,0.6284113367303404
No-history logistic,1,1289,1,0.6457114129121514
No-history logistic,1,1298,0,0.4847083863278205
No-history logistic,1,1310,1,0.5528688412732945
No-history logistic,1,1317,0,0.6364191596463408
No-history logistic,1,1322,1,0.3570571599593196
No-history logistic,1,1334,1,0.23337405083844256
No-history logistic,1,1340,0,0.4562479583231502
No-history logistic,1,1343,0,0.596106930399098
No-history logistic,1,1349,0,0.5960013109925726
No-history logistic,1,1355,1,0.4436552779539427
No-history logistic,1,1364,1,0.6406398393895909
No-history logistic,1,1379,0,0.5213983371345846
No-history logistic,1,1391,0,0.512764952770894
No-history logistic,1,1411,1,0.5359408309124719
No-history logistic,1,1419,0,0.3184643100908476
No-history logistic,1,1433,0,0.5043554111561431
No-history logistic,1,1441,0,0.39079045906726184
No-history logistic,1,1454,0,0.6198829909096423
No-history logistic,1,1459,1,0.5822435454213708
No-history logistic,1,1476,0,0.40998583159836843
No-history logistic,1,1489,1,0.36064873180109647
No-history logistic,1,1496,1,0.6088033004200735
No-history logistic,1,1500,0,0.339625405678095
No-history logistic,1,1504,1,0.5191379394016048
No-history logistic,1,1516,0,0.4656187232540522
No-history logistic,1,1518,0,0.3625164192822556
No-history logistic,1,1519,0,0.19531551101154226
No-history logistic,1,1545,1,0.6120982524067875
No-history logistic,1,1552,1,0.3555131723656833
No-history logistic,1,1564,0,0.16362246266530417
No-history logistic,1,1576,1,0.2448446100528379
No-history logistic,1,1579,0,0.5293061054113174
No-history logistic,1,1582,0,0.5859090273865989
No-history logistic,1,1584,1,0.577284179311453
No-history logistic,1,1607,1,0.6775080566443207
No-history logistic,1,1624,1,0.5591887658802572
No-history logistic,1,1626,0,0.5991171027492799
No-history logistic,1,1627,0,0.5905328631028441
No-history logistic,1,1630,0,0.5025527742471391
No-history logistic,1,1635,0,0.30062637212619986
No-history logistic,1,1643,0,0.5365369234487883
No-history logistic,1,1653,1,0.4512116125537765
No-history logistic,1,1661,1,0.6784701608885647
No-history logistic,1,1663,0,0.47188121286119167
No-history logistic,1,1664,1,0.5905110753440058
No-history logistic,1,1668,0,0.5356507704958436
No-history logistic,1,1671,1,0.5043907406476583
No-history logistic,1,1679,1,0.553244120537903
No-history logistic,1,1685,1,0.33457485453340124
No-history logistic,1,1714,1,0.6293384593362356
No-history logistic,1,1724,1,0.4488322964881147
No-history logistic,1,1727,1,0.5676783726261833
No-history logistic,1,1754,1,0.627356796333759
No-history logistic,1,1758,1,0.4579675745138164
No-history logistic,1,1759,1,0.6952760439483865
No-history logistic,1,1763,1,0.6454444581081025
No-history logistic,1,1764,0,0.5248145268513738
No-history logistic,1,1788,0,0.4352385040098543
No-history logistic,1,1790,0,0.638477027344616
No-history logistic,1,1799,0,0.5406704759333179
No-history logistic,1,1801,0,0.23061251316914122
No-history logistic,1,1832,0,0.5949683307366472
No-history logistic,1,1839,0,0.6864444132452285
No-history logistic,1,1845,1,0.7074304939988405
No-history logistic,1,1847,0,0.544711099767922
No-history logistic,1,1848,1,0.653679075798224
No-history logistic,1,1857,0,0.6650256664461563
No-history logistic,1,1858,1,0.557097865653069
No-history logistic,1,1872,1,0.7071262799279674
No-history logistic,1,1886,0,0.6313161480900981
No-history logistic,1,1896,0,0.5095522966311236
No-history logistic,1,1900,1,0.2168980217764072
No-history logistic,1,1901,0,0.6887681698512627
No-history logistic,1,1917,1,0.15578325218762323
No-history logistic,1,1921,0,0.48522789550968376
No-history logistic,1,1937,0,0.4541323148826674
No-history logistic,1,1956,0,0.36615839316394233
No-history logistic,1,1974,0,0.45860093653003225
No-history logistic,1,1984,1,0.6231098433896166
No-history logistic,1,1990,0,0.5350361462157261
No-history logistic,1,1996,1,0.4541053515833934
No-history logistic,1,2009,0,0.6042755092526036
No-history logistic,1,2010,1,0.2851554508904659
No-history logistic,1,2021,1,0.6741990743674338
No-history logistic,1,2023,1,0.6165547899101892
No-history logistic,1,2028,1,0.5713444571146732
No-history logistic,1,2030,1,0.7074848548477655
No-history logistic,1,2047,0,0.49968670594834447
No-history logistic,1,2065,0,0.5934276580573743
No-history logistic,1,2085,1,0.7030843850906445
No-history logistic,1,2118,1,0.5398840833973887
No-history logistic,1,2122,1,0.5659416863311841
No-history logistic,1,2123,1,0.5556226251187212
No-history logistic,1,2138,1,0.4793127855185287
No-history logistic,1,2153,1,0.6243250731445854
No-history logistic,1,2155,1,0.4459738222949611
No-history logistic,1,2157,0,0.5712301541561855
No-history logistic,1,2198,1,0.4200816818174617
No-history logistic,1,2204,0,0.0927199696278966
No-history logistic,1,2212,1,0.6098493632381929
No-history logistic,1,2225,1,0.5814094879515841
No-history logistic,1,2234,0,0.5528845574595141
No-history logistic,1,2250,0,0.4881892599159097
No-history logistic,1,2251,1,0.546492940949098
No-history logistic,1,2297,0,0.4206865451066333
No-history logistic,1,2302,1,0.6363938064323635
No-history logistic,1,2312,0,0.5912503288778194
No-history logistic,1,2323,1,0.7069716314373801
No-history logistic,1,2334,1,0.5733800360677325
No-history logistic,1,2335,1,0.3162465540594791
No-history logistic,1,2342,0,0.627306019089796
No-history logistic,1,2344,1,0.6297742636360134
No-history logistic,1,2350,1,0.6345883005362494
No-history logistic,1,2358,1,0.659171103517622
No-history logistic,1,2381,0,0.2372922687702147
No-history logistic,1,2401,0,0.6043784233195358
No-history logistic,1,2403,0,0.5072963756485205
No-history logistic,1,2410,0,0.23168053376785203
No-history logistic,1,2416,0,0.6799466219382821
No-history logistic,1,2425,1,0.6106408316540508
No-history logistic,1,2435,0,0.5995871069590377
No-history logistic,1,2436,1,0.6059158325297154
No-history logistic,1,2444,0,0.6239647266442266
No-history logistic,1,2455,1,0.447906430419173
No-history logistic,1,2458,0,0.3293575236896395
No-history logistic,1,2462,0,0.372135450412888
No-history logistic,1,2463,1,0.6738639478853716
No-history logistic,1,2488,0,0.09530877438540353
No-history logistic,1,2507,0,0.5903818239128227
No-history logistic,1,2538,1,0.4705781497432722
No-history logistic,1,2547,1,0.6680908269370596
No-history logistic,1,2559,1,0.6632404377080873
No-history logistic,1,2560,1,0.6924259997904078
No-history logistic,1,2579,1,0.6831122728223877
No-history logistic,1,2585,1,0.15924368323911592
No-history logistic,1,2592,1,0.5088016916452973
No-history logistic,1,2603,0,0.410016514550596
No-history logistic,1,2606,0,0.6283241651607593
No-history logistic,1,2608,0,0.4561508952270775
No-history logistic,1,2613,0,0.5800901606004594
No-history logistic,1,2633,1,0.5230564635341624
No-history logistic,1,2646,1,0.5456954042494027
No-history logistic,1,2655,0,0.4584495723402327
No-history logistic,1,2665,1,0.46815264473405643
No-history logistic,1,2684,1,0.6597648693206611
No-history logistic,1,2687,1,0.5872227024675704
No-history logistic,1,2691,1,0.5516112950865922
No-history logistic,1,2714,1,0.33821527492151354
No-history logistic,1,2718,1,0.4948686032162857
No-history logistic,1,2725,0,0.6320275829681468
No-history logistic,1,2731,1,0.5852172020196458
No-history logistic,1,2734,0,0.1472261513011358
No-history logistic,1,2736,0,0.4015771425777176
No-history logistic,1,2765,1,0.657892526116217
No-history logistic,1,2768,1,0.5271646268758168
No-history logistic,1,2774,0,0.25023067773851304
No-history logistic,1,2793,1,0.4143883740949349
No-history logistic,1,2797,1,0.3640668275699755
No-history logistic,1,2810,1,0.5061369673389687
No-history logistic,1,2820,1,0.3898176765148041
No-history logistic,1,2824,0,0.6949098346489412
No-history logistic,1,2835,1,0.5780375809909053
No-history logistic,1,2863,1,0.6136727589555618
No-history logistic,1,2882,0,0.6369052932457292
No-history logistic,1,2891,1,0.6024982831403608
No-history logistic,1,2895,1,0.3090497605231094
No-history logistic,1,2897,1,0.6025167144788957
No-history logistic,1,2900,1,0.3362685849380606
No-history logistic,1,2903,1,0.6579058468658721
No-history logistic,1,2906,1,0.6143073361459979
No-history logistic,1,2912,0,0.4352380289044013
No-history logistic,1,2916,0,0.6018001609658741
No-history logistic,1,2923,0,0.32274873070221305
No-history logistic,1,2926,1,0.6669992619850977
No-history logistic,1,2946,1,0.6526949094404224
No-history logistic,1,2947,1,0.34675235983334535
No-history logistic,1,2948,0,0.615675579961939
No-history logistic,1,2949,0,0.28687602863195694
No-history logistic,1,2951,0,0.3483572124872692
No-history logistic,1,2965,0,0.5798888971781634
No-history logistic,1,2972,1,0.5139117569713855
No-history logistic,1,2976,1,0.2185651739700881
No-history logistic,1,3006,0,0.5498251603178115
No-history logistic,1,3011,1,0.41288534318669456
No-history logistic,1,3016,1,0.48980263420593456
No-history logistic,1,3025,1,0.7017398392265148
No-history logistic,1,3032,1,0.6057634555468073
No-history logistic,1,3043,1,0.437052339764168
No-history logistic,1,3065,1,0.6205165776875536
No-history logistic,1,3074,1,0.6642426752590151
No-history logistic,1,3110,0,0.4288804045522422
No-history logistic,1,3123,0,0.6499285509300573
No-history logistic,1,3128,0,0.3884452888259169
No-history logistic,1,3136,1,0.6163082200478341
No-history logistic,1,3139,1,0.36883445751527816
No-history logistic,1,3143,1,0.5884777431097897
No-history logistic,1,3145,0,0.5104533434406425
No-history logistic,1,3146,1,0.6552129723469977
No-history logistic,1,3169,0,0.533890384720255
No-history logistic,1,3170,0,0.6729982341107766
No-history logistic,1,3175,0,0.6014058474716119
No-history logistic,1,3214,0,0.2385252337620026
No-history logistic,1,3224,1,0.6787642221376653
No-history logistic,1,3226,0,0.6014685132352089
No-history logistic,1,3234,0,0.4642616887357974
No-history logistic,1,3235,1,0.6925507934455143
No-history logistic,1,3258,0,0.512199917033725
No-history logistic,1,3264,0,0.24126206575294012
No-history logistic,1,3285,0,0.27308664487356626
No-history logistic,1,3298,0,0.24766781136828858
No-history logistic,1,3300,1,0.6511025098326028
No-history logistic,1,3302,0,0.5384273790967482
No-history logistic,1,3336,0,0.5531476929201734
No-history logistic,1,3343,1,0.6910747436633314
No-history logistic,1,3344,1,0.44150922838752615
No-history logistic,1,3373,0,0.29100154925247856
No-history logistic,1,3375,1,0.34406334833105845
No-history logistic,1,3376,0,0.3753776962286134
No-history logistic,1,3391,1,0.5273393391772845
No-history logistic,1,3426,1,0.42154573920595173
No-history logistic,1,3437,1,0.6479039417421089
No-history logistic,1,3447,1,0.4632962674183894
No-history logistic,1,3448,1,0.6656577760565286
No-history logistic,1,3449,1,0.3821730800393068
No-history logistic,1,3466,1,0.5417181193196973
No-history logistic,1,3468,1,0.6236125994245277
No-history logistic,1,3476,1,0.5295044482909258
No-history logistic,1,3477,0,0.607169850574687
No-history logistic,1,3495,0,0.19179409374904927
No-history logistic,1,3497,1,0.38142263124391274
No-history logistic,1,3538,0,0.1665021221464343
No-history logistic,1,3541,0,0.704307759099162
No-history logistic,1,3545,1,0.6546210123792362
No-history logistic,1,3551,0,0.19049535835100728
No-history logistic,1,3593,0,0.4879906455460307
No-history logistic,1,3597,0,0.6605317760887894
No-history logistic,1,3599,1,0.6084015243774513
No-history logistic,1,3603,1,0.5930861133797737
No-history logistic,1,3608,1,0.6227300308170917
No-history logistic,1,3610,0,0.3493364009482251
No-history logistic,1,3631,0,0.5247965430212285
No-history logistic,1,3636,0,0.19956160056065467
No-history logistic,1,3645,0,0.6138193051693442
No-history logistic,1,3653,1,0.22886405344216815
No-history logistic,1,3656,1,0.49970945363961883
No-history logistic,1,3660,0,0.6480939742242249
No-history logistic,1,3664,1,0.48501930952464545
No-history logistic,1,3666,1,0.6091661345322597
No-history logistic,1,3674,1,0.7108445247815609
No-history logistic,1,3678,0,0.5751504427663374
No-history logistic,1,3691,1,0.6459366789700568
No-history logistic,1,3695,0,0.6714340085550204
No-history logistic,1,3729,0,0.6750453636506877
No-history logistic,1,3737,0,0.3314924889914278
No-history logistic,1,3756,1,0.6646587003068385
No-history logistic,1,3757,0,0.6501424715754188
No-history logistic,1,3761,1,0.6191705290163336
No-history logistic,1,3762,0,0.6288136067727292
No-history logistic,1,3772,1,0.5316250791480012
No-history logistic,1,3785,1,0.545229727352547
No-history logistic,1,3801,1,0.5820314092980532
No-history logistic,1,3809,1,0.5112687583220539
No-history logistic,1,3818,1,0.6453111131647445
No-history logistic,1,3822,1,0.5961315499653651
No-history logistic,1,3824,0,0.5878986944790422
No-history logistic,1,3827,0,0.38221727933690075
No-history logistic,1,3842,0,0.6108808144269201
No-history logistic,1,3863,1,0.6228046617422485
No-history logistic,1,3864,1,0.6892275053532627
No-history logistic,1,3866,0,0.3109442083796694
No-history logistic,1,3882,1,0.497255015041403
No-history logistic,1,3890,1,0.6068228487022093
No-history logistic,1,3896,0,0.4803827459680092
No-history logistic,1,3900,0,0.3628489921150203
No-history logistic,1,3902,0,0.5803301770347854
No-history logistic,1,3913,1,0.4026574215415802
No-history logistic,1,3919,1,0.6564591544737064
No-history logistic,1,3925,1,0.4587084595731922
No-history logistic,1,3926,0,0.4156842804538779
No-history logistic,1,3939,1,0.4422082572488899
No-history logistic,1,3940,1,0.29618456644364266
No-history logistic,1,3954,0,0.6693361681652964
No-history logistic,1,3956,0,0.5558453291358229
No-history logistic,1,3968,0,0.5371067088733847
No-history logistic,1,3969,1,0.6606701613942259
No-history logistic,1,3978,1,0.6202970865083828
No-history logistic,1,3989,0,0.4812358051022803
No-history logistic,1,3994,0,0.2018056651002981
No-history logistic,1,4022,1,0.6513946162601466
No-history logistic,1,4030,0,0.47632170030853643
No-history logistic,1,4031,1,0.47047988444054367
No-history logistic,1,4037,1,0.5906352077074201
No-history logistic,1,4057,0,0.46254817418092303
No-history logistic,1,4059,1,0.59958636127476
No-history logistic,1,4063,1,0.4694642706617623
No-history logistic,1,4084,1,0.5407780060242696
No-history logistic,1,4085,1,0.7058327198570257
No-history logistic,1,4096,0,0.3041688296912558
No-history logistic,1,4105,0,0.1024157134777044
No-history logistic,1,4108,0,0.4852292773344198
No-history logistic,1,4125,1,0.4612279505935217
No-history logistic,1,4128,0,0.26847837555740917
No-history logistic,1,4151,1,0.4264341584834811
No-history logistic,1,4162,1,0.573336568251274
No-history logistic,1,4172,0,0.2523309750166289
No-history logistic,1,4185,1,0.6052251625918459
No-history logistic,1,4194,1,0.3937714554789368
No-history logistic,1,4195,0,0.3718474650712016
No-history logistic,1,4196,1,0.633411868292185
No-history logistic,1,4209,0,0.5962416967731556
No-history logistic,1,4218,0,0.2920963378829756
No-history logistic,1,4223,1,0.4371352722347084
No-history logistic,1,4232,1,0.5268185780288751
No-history logistic,1,4264,1,0.5606838663336127
No-history logistic,1,4271,0,0.25427141002157483
No-history logistic,1,4309,0,0.6038900624032736
No-history logistic,1,4339,0,0.47585914744335017
No-history logistic,1,4345,0,0.206714621051295
No-history logistic,1,4350,0,0.5842303746949846
No-history logistic,1,4351,1,0.3233325334515933
No-history logistic,1,4364,0,0.4797447043920748
No-history logistic,1,4370,0,0.5259373416525281
No-history logistic,1,4375,0,0.4763051551992604
No-history logistic,1,4383,0,0.3743668721400748
No-history logistic,1,4389,1,0.49312465245092024
No-history logistic,1,4394,0,0.3382160201728012
No-history logistic,1,4395,0,0.5076629204702825
No-history logistic,1,4411,1,0.4422450892804126
No-history logistic,1,4434,0,0.4543097577436203
No-history logistic,1,4448,0,0.6197484264480152
No-history logistic,1,4462,1,0.589733203421297
No-history logistic,1,4463,1,0.6888908485972529
No-history logistic,1,4479,1,0.5797487773588229
No-history logistic,1,4486,0,0.47264788204731745
No-history logistic,1,4501,1,0.3613152371502248
No-history logistic,1,4507,0,0.5184507322667394
No-history logistic,1,4511,0,0.5373819462281939
No-history logistic,1,4529,1,0.5382895926506173
No-history logistic,1,4535,1,0.5898910238147254
No-history logistic,1,4553,1,0.6759415562045509
No-history logistic,1,4584,1,0.6039455660813157
No-history logistic,1,4588,0,0.5439636037471334
No-history logistic,1,4613,1,0.5265404527412434
No-history logistic,1,4614,0,0.695736773506946
No-history logistic,1,4617,0,0.513504669892275
No-history logistic,1,4638,0,0.6941537690512861
No-history logistic,1,4657,1,0.6441092629685218
No-history logistic,1,4661,0,0.5983646673267959
No-history logistic,1,4676,1,0.6901616381552227
No-history logistic,1,4677,1,0.3101733636541852
No-history logistic,1,4684,0,0.6226373474453706
No-history logistic,1,4702,1,0.4866400316757188
No-history logistic,1,4707,0,0.3483900621143343
No-history logistic,1,4720,0,0.6103190286347592
No-history logistic,1,4725,0,0.45137988272105406
No-history logistic,1,4739,0,0.5988275979523475
No-history logistic,1,4755,0,0.5621680914560399
No-history logistic,1,4756,0,0.4722853048300087
No-history logistic,1,4766,0,0.4877590737885128
No-history logistic,1,4786,0,0.603049033475756
No-history logistic,1,4789,1,0.5926681723796166
No-history logistic,1,4799,1,0.7014858511509792
No-history logistic,1,4800,1,0.6236382519125546
No-history logistic,1,4801,0,0.5624882595444186
No-history logistic,1,4812,1,0.535264937189543
No-history logistic,1,4813,1,0.71481380754862
No-history logistic,1,4818,1,0.5253175483480909
No-history logistic,1,4820,1,0.6509764355158606
No-history logistic,1,4824,0,0.22729428082620126
No-history logistic,1,4829,0,0.47838739144695835
No-history logistic,1,4857,1,0.5607777079847601
No-history logistic,1,4865,1,0.6263542481334101
No-history logistic,1,4873,1,0.5087826289803895
No-history logistic,1,4882,1,0.5364599586204142
No-history logistic,1,4891,0,0.6284547721643269
No-history logistic,1,4897,0,0.5666815305990178
No-history logistic,1,4899,0,0.6001222415091153
No-history logistic,1,4911,1,0.498106310864513
No-history logistic,1,4913,0,0.6110295764299711
No-history logistic,1,4919,1,0.6664430138676001
No-history logistic,1,4922,1,0.6407452968598435
No-history logistic,1,4976,1,0.4681677858901332
No-history logistic,1,4991,1,0.3640810904192164
No-history logistic,1,4993,1,0.4174286939770291
No-history logistic,1,4994,1,0.6406248637979703
Random forest,1,16,0,0.5101288304070175
Random forest,1,33,1,0.17531361936099416
Random forest,1,54,0,0.31767851132884617
Random forest,1,78,1,0.7350488639274703
Random forest,1,98,0,0.7998877683558467
Random forest,1,112,0,0.5793562165898108
Random forest,1,113,0,0.29273144849192306
Random forest,1,114,1,0.28511497515520207
Random forest,1,115,0,0.2967592371161351
Random forest,1,125,0,0.618069304456827
Random forest,1,128,1,0.6908227487953463
Random forest,1,130,0,0.5236393926664668
Random forest,1,133,1,0.24448219830151555
Random forest,1,136,1,0.4268501556865921
Random forest,1,158,0,0.1777041077835074
Random forest,1,179,0,0.5908802336381593
Random forest,1,191,1,0.8396807244812184
Random forest,1,192,0,0.4198950661539449
Random forest,1,227,0,0.6640351327326396
Random forest,1,228,0,0.32847311823646
Random forest,1,230,0,0.37668437047914083
Random forest,1,234,0,0.26235876903349686
Random forest,1,239,1,0.7338825029549616
Random forest,1,241,1,0.7407373223623154
Random forest,1,243,1,0.700728669541081
Random forest,1,251,0,0.3006864094637764
Random forest,1,265,0,0.8200510116946346
Random forest,1,269,0,0.527098131372819
Random forest,1,275,1,0.36376389177877316
Random forest,1,287,1,0.693478863057067
Random forest,1,288,0,0.3691849837830909
Random forest,1,307,0,0.5120990274543097
Random forest,1,322,1,0.730181409234019
Random forest,1,329,1,0.4545337772252607
Random forest,1,330,0,0.5515242080581306
Random forest,1,343,0,0.32528613524941447
Random forest,1,350,0,0.3444213632694062
Random forest,1,365,0,0.3046174845395375
Random forest,1,366,0,0.2596152784682149
Random forest,1,393,1,0.6967659942619
Random forest,1,404,0,0.3428491134424757
Random forest,1,405,1,0.3833353393461079
Random forest,1,423,0,0.29949426826784703
Random forest,1,436,0,0.30461848466893265
Random forest,1,444,0,0.3506295216113787
Random forest,1,448,1,0.5910340063653375
Random forest,1,455,0,0.34016558596887897
Random forest,1,473,0,0.5539191874271835
Random forest,1,487,1,0.6299878368102519
Random forest,1,506,1,0.41348658922610537
Random forest,1,519,0,0.6067285588830323
Random forest,1,530,1,0.5403284950115814
Random forest,1,536,0,0.2790518125929362
Random forest,1,538,1,0.669391804665476
Random forest,1,548,0,0.4133682011603546
Random forest,1,555,1,0.5053828256588986
Random forest,1,560,0,0.5388066737029942
Random forest,1,569,0,0.4306267391366741
Random forest,1,598,1,0.6980559476370151
Random forest,1,605,0,0.25937014590714086
Random forest,1,607,1,0.6289424096131061
Random forest,1,621,0,0.25841469198487743
Random forest,1,628,1,0.4915765960734791
Random forest,1,654,1,0.3516687484503158
Random forest,1,655,0,0.23693267579699323
Random forest,1,664,0,0.5376451317882814
Random forest,1,666,0,0.25211349732417665
Random forest,1,671,1,0.7521783028935682
Random forest,1,672,1,0.6772029673111803
Random forest,1,676,0,0.39687645540096933
Random forest,1,678,1,0.5996190366019469
Random forest,1,697,1,0.8351849325911587
Random forest,1,700,1,0.5978134984273761
Random forest,1,705,1,0.7837660252112885
Random forest,1,707,1,0.4476186134401097
Random forest,1,716,1,0.3964360517573508
Random forest,1,719,1,0.4134407745570823
Random forest,1,742,1,0.721940427777031
Random forest,1,746,0,0.30451141106037866
Random forest,1,754,1,0.35244558732362563
Random forest,1,761,0,0.20597209543043374
Random forest,1,785,0,0.6154734690963783
Random forest,1,788,0,0.42796898793799093
Random forest,1,791,1,0.39383301280684435
Random forest,1,802,1,0.49450885629843117
Random forest,1,806,0,0.4593438548819359
Random forest,1,841,1,0.6843640874733281
Random forest,1,875,0,0.4801240545094968
Random forest,1,878,0,0.6818475709638993
Random forest,1,892,0,0.39539888067597134
Random forest,1,895,1,0.7115654094285883
Random forest,1,896,0,0.19399443691029045
Random forest,1,899,1,0.663338191707145
Random forest,1,914,1,0.5381901672552146
Random forest,1,915,0,0.15357480809081253
Random forest,1,916,1,0.46327171807942846
Random forest,1,919,1,0.6865883291538393
Random forest,1,921,0,0.8170049118437899
Random forest,1,926,1,0.703826600562905
Random forest,1,929,0,0.47304642032508587
Random forest,1,939,1,0.2965681056528946
Random forest,1,955,1,0.5847685597695813
Random forest,1,957,1,0.6839896845135505
Random forest,1,966,1,0.7734735988395393
Random forest,1,973,0,0.5141027028657597
Random forest,1,977,0,0.305173955970853
Random forest,1,979,0,0.6348857719013506
Random forest,1,980,1,0.47345219094391294
Random forest,1,983,0,0.8161531403931908
Random forest,1,986,1,0.7197283397902433
Random forest,1,991,1,0.5441356526953595
Random forest,1,994,0,0.5339091585731968
Random forest,1,999,0,0.4691703049698409
Random forest,1,1002,0,0.6605702335942198
Random forest,1,1009,0,0.3690788447678825
Random forest,1,1014,1,0.5663998229310869
Random forest,1,1028,0,0.627964931490665
Random forest,1,1047,0,0.5439277131429884
Random forest,1,1050,1,0.39383986718169517
Random forest,1,1052,1,0.3850077447350631
Random forest,1,1056,0,0.46480836483428173
Random forest,1,1073,1,0.5241616293019893
Random forest,1,1083,0,0.7879935231603232
Random forest,1,1090,0,0.19819470824301275
Random forest,1,1100,0,0.3737429235495257
Random forest,1,1110,1,0.7180890972772034
Random forest,1,1115,0,0.3031977800803711
Random forest,1,1119,1,0.5088486241591836
Random forest,1,1127,1,0.7083914999210178
Random forest,1,1128,1,0.5322389785344805
Random forest,1,1134,1,0.781938731405292
Random forest,1,1139,1,0.4294604426892642
Random forest,1,1146,1,0.47113124259443767
Random forest,1,1155,1,0.6269989485174571
Random forest,1,1161,0,0.30870893459946475
Random forest,1,1163,0,0.1969718487552942
Random forest,1,1164,0,0.2884766692888279
Random forest,1,1188,0,0.11799801143384084
Random forest,1,1194,1,0.5930654223211981
Random forest,1,1216,0,0.33332147979677257
Random forest,1,1221,0,0.41232669069916633
Random forest,1,1234,1,0.6321921285078249
Random forest,1,1243,1,0.3267994424914239
Random forest,1,1257,0,0.578225613097457
Random forest,1,1258,1,0.6948902972372091
Random forest,1,1289,1,0.7182408642779738
Random forest,1,1298,0,0.4741585127909714
Random forest,1,1310,1,0.604770251947385
Random forest,1,1317,0,0.6381800217195459
Random forest,1,1322,1,0.4549100961916263
Random forest,1,1334,1,0.16148811485087564
Random forest,1,1340,0,0.5239441443154251
Random forest,1,1343,0,0.7241060468602944
Random forest,1,1349,0,0.6992141220586892
Random forest,1,1355,1,0.40220972970300367
Random forest,1,1364,1,0.6520007957984201
Random forest,1,1379,0,0.5127379746218234
Random forest,1,1391,0,0.316858974208098
Random forest,1,1411,1,0.4983799382279727
Random forest,1,1419,0,0.28136620728079237
Random forest,1,1433,0,0.48525754096320134
Random forest,1,1441,0,0.34578244969115945
Random forest,1,1454,0,0.4438126935655322
Random forest,1,1459,1,0.45263056688132763
Random forest,1,1476,0,0.39045756481351146
Random forest,1,1489,1,0.28793163892972007
Random forest,1,1496,1,0.5824854994874512
Random forest,1,1500,0,0.37704317607594
Random forest,1,1504,1,0.3991166401807984
Random forest,1,1516,0,0.48540044384726366
Random forest,1,1518,0,0.2485955884606141
Random forest,1,1519,0,0.2653256129969224
Random forest,1,1545,1,0.6758038942845528
Random forest,1,1552,1,0.15011168642495512
Random forest,1,1564,0,0.30575959883465254
Random forest,1,1576,1,0.44625556030319197
Random forest,1,1579,0,0.33552710076637665
Random forest,1,1582,0,0.6326311913831004
Random forest,1,1584,1,0.603340620059468
Random forest,1,1607,1,0.6969744066026006
Random forest,1,1624,1,0.5824450450134956
Random forest,1,1626,0,0.6342794423957424
Random forest,1,1627,0,0.6136652293589878
Random forest,1,1630,0,0.5194489198855868
Random forest,1,1635,0,0.3306054885509693
Random forest,1,1643,0,0.29822947854903065
Random forest,1,1653,1,0.30032302841992403
Random forest,1,1661,1,0.8792028650944512
Random forest,1,1663,0,0.4390207084906707
Random forest,1,1664,1,0.7391013867447925
Random forest,1,1668,0,0.5126547002903928
Random forest,1,1671,1,0.4145886297319567
Random forest,1,1679,1,0.5783196455864458
Random forest,1,1685,1,0.23525494880458328
Random forest,1,1714,1,0.7746554518037547
Random forest,1,1724,1,0.4496890436023035
Random forest,1,1727,1,0.53473936423254
Random forest,1,1754,1,0.6215764579826687
Random forest,1,1758,1,0.5200247365046348
Random forest,1,1759,1,0.7119392946687038
Random forest,1,1763,1,0.7042132621942712
Random forest,1,1764,0,0.5667225666946782
Random forest,1,1788,0,0.4893311915044041
Random forest,1,1790,0,0.7421925818436195
Random forest,1,1799,0,0.6354557544625643
Random forest,1,1801,0,0.1371267822848204
Random forest,1,1832,0,0.5049565614394405
Random forest,1,1839,0,0.6925428820060265
Random forest,1,1845,1,0.6767818166974212
Random forest,1,1847,0,0.5338470298097111
Random forest,1,1848,1,0.6177824128463518
Random forest,1,1857,0,0.7038658359268934
Random forest,1,1858,1,0.4150935378841571
Random forest,1,1872,1,0.629637959026431
Random forest,1,1886,0,0.6616416114510787
Random forest,1,1896,0,0.3867863170174074
Random forest,1,1900,1,0.42974666192650524
Random forest,1,1901,0,0.6190718689719023
Random forest,1,1917,1,0.14869900113289206
Random forest,1,1921,0,0.5101360889332398
Random forest,1,1937,0,0.28181263947854823
Random forest,1,1956,0,0.20388436639746899
Random forest,1,1974,0,0.3725973433880345
Random forest,1,1984,1,0.7914476933922182
Random forest,1,1990,0,0.4120850431179138
Random forest,1,1996,1,0.5107539107459865
Random forest,1,2009,0,0.5317353912719295
Random forest,1,2010,1,0.34907317978950386
Random forest,1,2021,1,0.7288841336330368
Random forest,1,2023,1,0.7001432525409921
Random forest,1,2028,1,0.40844635938603097
Random forest,1,2030,1,0.7657969795106077
Random forest,1,2047,0,0.31904885509475106
Random forest,1,2065,0,0.5300784730738033
Random forest,1,2085,1,0.7236213882455851
Random forest,1,2118,1,0.4572139780599684
Random forest,1,2122,1,0.6266345522003683
Random forest,1,2123,1,0.47367964582024946
Random forest,1,2138,1,0.4516213154130469
Random forest,1,2153,1,0.7490238419828497
Random forest,1,2155,1,0.3339344922293263
Random forest,1,2157,0,0.5536736719182197
Random forest,1,2198,1,0.3022782496737179
Random forest,1,2204,0,0.1614580571990944
Random forest,1,2212,1,0.6839564615781271
Random forest,1,2225,1,0.4729146865879207
Random forest,1,2234,0,0.4496596701878165
Random forest,1,2250,0,0.5847398101789856
Random forest,1,2251,1,0.507797399114619
Random forest,1,2297,0,0.34884618607230783
Random forest,1,2302,1,0.7176814032916944
Random forest,1,2312,0,0.6086367165157501
Random forest,1,2323,1,0.8596573283508504
Random forest,1,2334,1,0.4960431184569119
Random forest,1,2335,1,0.25213812776846134
Random forest,1,2342,0,0.6190588941123955
Random forest,1,2344,1,0.6457610910798036
Random forest,1,2350,1,0.7891704317325615
Random forest,1,2358,1,0.7160249854436155
Random forest,1,2381,0,0.34270149988415843
Random forest,1,2401,0,0.6481452386858949
Random forest,1,2403,0,0.30229128235359304
Random forest,1,2410,0,0.12928311326799916
Random forest,1,2416,0,0.6720306871534849
Random forest,1,2425,1,0.7240833086374566
Random forest,1,2435,0,0.7206381587329822
Random forest,1,2436,1,0.6206864088907124
Random forest,1,2444,0,0.591016178603969
Random forest,1,2455,1,0.4523782137740352
Random forest,1,2458,0,0.2305460392648008
Random forest,1,2462,0,0.14067619165691111
Random forest,1,2463,1,0.8846657028399811
Random forest,1,2488,0,0.2777762773869089
Random forest,1,2507,0,0.627584000953219
Random forest,1,2538,1,0.4056569921810251
Random forest,1,2547,1,0.7488044149172789
Random forest,1,2559,1,0.6869307973947661
Random forest,1,2560,1,0.6153142900445847
Random forest,1,2579,1,0.7490123884274021
Random forest,1,2585,1,0.31554804354716004
Random forest,1,2592,1,0.5880706085667069
Random forest,1,2603,0,0.1533318208700375
Random forest,1,2606,0,0.6384289783110693
Random forest,1,2608,0,0.5080572005384579
Random forest,1,2613,0,0.6858551390648593
Random forest,1,2633,1,0.4844122011922975
Random forest,1,2646,1,0.39647278678061526
Random forest,1,2655,0,0.35693532068446127
Random forest,1,2665,1,0.4579747881671547
Random forest,1,2684,1,0.5188621190585065
Random forest,1,2687,1,0.5898123440292283
Random forest,1,2691,1,0.635769224804413
Random forest,1,2714,1,0.17030386695736477
Random forest,1,2718,1,0.4196282399625866
Random forest,1,2725,0,0.5691744254855645
Random forest,1,2731,1,0.5553645563221529
Random forest,1,2734,0,0.5089583430220459
Random forest,1,2736,0,0.4627395816078757
Random forest,1,2765,1,0.7454461184481047
Random forest,1,2768,1,0.447948918968098
Random forest,1,2774,0,0.39861745158905554
Random forest,1,2793,1,0.4099607446891094
Random forest,1,2797,1,0.19581103861094584
Random forest,1,2810,1,0.510522804688782
Random forest,1,2820,1,0.4508417712562594
Random forest,1,2824,0,0.7417673781956096
Random forest,1,2835,1,0.5175646224672628
Random forest,1,2863,1,0.589346814896444
Random forest,1,2882,0,0.7535022542094701
Random forest,1,2891,1,0.6904579173056906
Random forest,1,2895,1,0.21447757441692425
Random forest,1,2897,1,0.7995360838130359
Random forest,1,2900,1,0.5743959092398421
Random forest,1,2903,1,0.6644052961707394
Random forest,1,2906,1,0.651864075689706
Random forest,1,2912,0,0.28155180387748563
Random forest,1,2916,0,0.6875479648447701
Random forest,1,2923,0,0.3160993908724734
Random forest,1,2926,1,0.7622660983154996
Random forest,1,2946,1,0.6658902742497417
Random forest,1,2947,1,0.27934892309766846
Random forest,1,2948,0,0.5085592172921869
Random forest,1,2949,0,0.3087044842800602
Random forest,1,2951,0,0.3294028032797609
Random forest,1,2965,0,0.613506922409634
Random forest,1,2972,1,0.4197556087548459
Random forest,1,2976,1,0.33457484524842107
Random forest,1,3006,0,0.3407768088146687
Random forest,1,3011,1,0.378583789564506
Random forest,1,3016,1,0.47190666139252957
Random forest,1,3025,1,0.7611638870231981
Random forest,1,3032,1,0.7558446199194718
Random forest,1,3043,1,0.2518870886149359
Random forest,1,3065,1,0.687446614794079
Random forest,1,3074,1,0.6667558055978229
Random forest,1,3110,0,0.47152107423537737
Random forest,1,3123,0,0.6881939804026908
Random forest,1,3128,0,0.18942506380794238
Random forest,1,3136,1,0.7995977441030786
Random forest,1,3139,1,0.3445174133817142
Random forest,1,3143,1,0.5617466538343555
Random forest,1,3145,0,0.4244891991246298
Random forest,1,3146,1,0.6483849201450095
Random forest,1,3169,0,0.41776516588986334
Random forest,1,3170,0,0.7593454248244452
Random forest,1,3175,0,0.6795155684974565
Random forest,1,3214,0,0.2963752449757148
Random forest,1,3224,1,0.869607797320752
Random forest,1,3226,0,0.5463047909563826
Random forest,1,3234,0,0.5259760745321571
Random forest,1,3235,1,0.8154167801668954
Random forest,1,3258,0,0.50909400363019
Random forest,1,3264,0,0.19548589252341625
Random forest,1,3285,0,0.3462047243700034
Random forest,1,3298,0,0.3225543276133763
Random forest,1,3300,1,0.8473126251412821
Random forest,1,3302,0,0.45293649214538584
Random forest,1,3336,0,0.628054308018515
Random forest,1,3343,1,0.6119025332616352
Random forest,1,3344,1,0.3342089533673429
Random forest,1,3373,0,0.36569218931065145
Random forest,1,3375,1,0.36062444266619686
Random forest,1,3376,0,0.24094272077864423
Random forest,1,3391,1,0.44511217857093405
Random forest,1,3426,1,0.38857548232313127
Random forest,1,3437,1,0.7754877122987311
Random forest,1,3447,1,0.35209324780405155
Random forest,1,3448,1,0.6418744977054578
Random forest,1,3449,1,0.3988338639598814
Random forest,1,3466,1,0.5905254598170872
Random forest,1,3468,1,0.6694697174741794
Random forest,1,3476,1,0.5248582349579618
Random forest,1,3477,0,0.47480208395067935
Random forest,1,3495,0,0.4333219654302461
Random forest,1,3497,1,0.1838246392893548
Random forest,1,3538,0,0.27178624511305555
Random forest,1,3541,0,0.7772347364771209
Random forest,1,3545,1,0.6586324329952498
Random forest,1,3551,0,0.2823056041098954
Random forest,1,3593,0,0.29150684729589343
Random forest,1,3597,0,0.7154254558604666
Random forest,1,3599,1,0.596294467291209
Random forest,1,3603,1,0.7145764719000794
Random forest,1,3608,1,0.5917661288899497
Random forest,1,3610,0,0.40192113349711506
Random forest,1,3631,0,0.6116705425834182
Random forest,1,3636,0,0.3325889807588652
Random forest,1,3645,0,0.6678106842486231
Random forest,1,3653,1,0.34487808070181786
Random forest,1,3656,1,0.36342731491491825
Random forest,1,3660,0,0.867504411415586
Random forest,1,3664,1,0.5454510021439632
Random forest,1,3666,1,0.6931045486512041
Random forest,1,3674,1,0.7616439646689562
Random forest,1,3678,0,0.6598094000598794
Random forest,1,3691,1,0.6283481136888797
Random forest,1,3695,0,0.6952100624017901
Random forest,1,3729,0,0.6456883652186565
Random forest,1,3737,0,0.16282523973926943
Random forest,1,3756,1,0.7020760029666891
Random forest,1,3757,0,0.7452623179928605
Random forest,1,3761,1,0.5784678346704468
Random forest,1,3762,0,0.7117954732057532
Random forest,1,3772,1,0.5125864922003501
Random forest,1,3785,1,0.3910873350538311
Random forest,1,3801,1,0.6760442346205652
Random forest,1,3809,1,0.32155537284938895
Random forest,1,3818,1,0.7695155500563142
Random forest,1,3822,1,0.6813979584044882
Random forest,1,3824,0,0.5925908686389787
Random forest,1,3827,0,0.287411024325976
Random forest,1,3842,0,0.6271401260060575
Random forest,1,3863,1,0.8437415553820099
Random forest,1,3864,1,0.7042008208657892
Random forest,1,3866,0,0.2634491987645626
Random forest,1,3882,1,0.5228665357103334
Random forest,1,3890,1,0.7299648174334551
Random forest,1,3896,0,0.37721163508055383
Random forest,1,3900,0,0.5412723478423797
Random forest,1,3902,0,0.4505764271856183
Random forest,1,3913,1,0.47366351485680225
Random forest,1,3919,1,0.8708140987948471
Random forest,1,3925,1,0.3036591347599675
Random forest,1,3926,0,0.2049510925882106
Random forest,1,3939,1,0.21639621310467994
Random forest,1,3940,1,0.3818370184765834
Random forest,1,3954,0,0.7953706626301638
Random forest,1,3956,0,0.6723282674232213
Random forest,1,3968,0,0.40722362349127084
Random forest,1,3969,1,0.6277232516690225
Random forest,1,3978,1,0.7341047987330106
Random forest,1,3989,0,0.39155588711200295
Random forest,1,3994,0,0.2855317157620755
Random forest,1,4022,1,0.6587379977099076
Random forest,1,4030,0,0.33978327209001064
Random forest,1,4031,1,0.5485906882714315
Random forest,1,4037,1,0.6691229680317606
Random forest,1,4057,0,0.4350492011112489
Random forest,1,4059,1,0.6447169723560837
Random forest,1,4063,1,0.44659244085228555
Random forest,1,4084,1,0.48638894103043073
Random forest,1,4085,1,0.7709242069291729
Random forest,1,4096,0,0.19055155510916996
Random forest,1,4105,0,0.42504870441435527
Random forest,1,4108,0,0.5905260331183312
Random forest,1,4125,1,0.5517713785994718
Random forest,1,4128,0,0.30398265479761194
Random forest,1,4151,1,0.3248468719373479
Random forest,1,4162,1,0.589968310555524
Random forest,1,4172,0,0.37053923959458046
Random forest,1,4185,1,0.750401273198871
Random forest,1,4194,1,0.37759452210841815
Random forest,1,4195,0,0.21421260079341306
Random forest,1,4196,1,0.6227008471436426
Random forest,1,4209,0,0.6093569265519627
Random forest,1,4218,0,0.3114452715091645
Random forest,1,4223,1,0.4235011715646162
Random forest,1,4232,1,0.5108496814538677
Random forest,1,4264,1,0.7098370764255371
Random forest,1,4271,0,0.3673891003492847
Random forest,1,4309,0,0.5019117997111926
Random forest,1,4339,0,0.6014644935488191
Random forest,1,4345,0,0.2988799957479419
Random forest,1,4350,0,0.4820412279769882
Random forest,1,4351,1,0.29536137131301193
Random forest,1,4364,0,0.511773953374541
Random forest,1,4370,0,0.6452754737049033
Random forest,1,4375,0,0.311565619376535
Random forest,1,4383,0,0.34873993556470845
Random forest,1,4389,1,0.32939118004162826
Random forest,1,4394,0,0.3648630923651901
Random forest,1,4395,0,0.566345518005371
Random forest,1,4411,1,0.4267212814582348
Random forest,1,4434,0,0.44263573632565867
Random forest,1,4448,0,0.7545810369736279
Random forest,1,4462,1,0.5838776130933576
Random forest,1,4463,1,0.7544014791450009
Random forest,1,4479,1,0.6604231692510207
Random forest,1,4486,0,0.38892311692790316
Random forest,1,4501,1,0.147300750869298
Random forest,1,4507,0,0.42785888541687966
Random forest,1,4511,0,0.6070846408904026
Random forest,1,4529,1,0.3277716880904279
Random forest,1,4535,1,0.48728359004902866
Random forest,1,4553,1,0.6746399417139025
Random forest,1,4584,1,0.5736973394850485
Random forest,1,4588,0,0.5461914148451837
Random forest,1,4613,1,0.626487805129008
Random forest,1,4614,0,0.7851565129992873
Random forest,1,4617,0,0.5051051875034959
Random forest,1,4638,0,0.7887999112099487
Random forest,1,4657,1,0.6485151127586125
Random forest,1,4661,0,0.545903093330491
Random forest,1,4676,1,0.6579715328116704
Random forest,1,4677,1,0.4415587380193077
Random forest,1,4684,0,0.691404970434023
Random forest,1,4702,1,0.44882892622897713
Random forest,1,4707,0,0.27943081919247814
Random forest,1,4720,0,0.7050374476519345
Random forest,1,4725,0,0.33597538505103075
Random forest,1,4739,0,0.6987241785444988
Random forest,1,4755,0,0.6912862507527677
Random forest,1,4756,0,0.4596063421634991
Random forest,1,4766,0,0.5258212183138826
Random forest,1,4786,0,0.4546365064341809
Random forest,1,4789,1,0.674335705850269
Random forest,1,4799,1,0.8021874401364171
Random forest,1,4800,1,0.8062195563086256
Random forest,1,4801,0,0.5603330232047614
Random forest,1,4812,1,0.5971994987823995
Random forest,1,4813,1,0.6848415370893777
Random forest,1,4818,1,0.4803713817171563
Random forest,1,4820,1,0.7031929673798558
Random forest,1,4824,0,0.39694242778148253
Random forest,1,4829,0,0.2901640221958273
Random forest,1,4857,1,0.7564829765044863
Random forest,1,4865,1,0.691320013156647
Random forest,1,4873,1,0.4846875563493569
Random forest,1,4882,1,0.4228996700592652
Random forest,1,4891,0,0.7106446855472582
Random forest,1,4897,0,0.7005413286503458
Random forest,1,4899,0,0.6496310555897185
Random forest,1,4911,1,0.43095905495842957
Random forest,1,4913,0,0.7587224480614927
Random forest,1,4919,1,0.7514800540870137
Random forest,1,4922,1,0.5960233541600366
Random forest,1,4976,1,0.2841957886830938
Random forest,1,4991,1,0.18780897773461613
Random forest,1,4993,1,0.5474559153129316
Random forest,1,4994,1,0.7960899533139966
Gradient boosting,1,16,0,0.5238441576863315
Gradient boosting,1,33,1,0.22793716716749282
Gradient boosting,1,54,0,0.26766051188709344
Gradient boosting,1,78,1,0.7313407452484905
Gradient boosting,1,98,0,0.7954952148460699
Gradient boosting,1,112,0,0.5972920406241601
Gradient boosting,1,113,0,0.2399931193551153
Gradient boosting,1,114,1,0.2644289124098642
Gradient boosting,1,115,0,0.30715442472559024
Gradient boosting,1,125,0,0.6371489849235427
Gradient boosting,1,128,1,0.6446752457787479
Gradient boosting,1,130,0,0.5289634136184898
Gradient boosting,1,133,1,0.24831861000109964
Gradient boosting,1,136,1,0.4548266553255683
Gradient boosting,1,158,0,0.15948817901155718
Gradient boosting,1,179,0,0.6524265046299771
Gradient boosting,1,191,1,0.8623575942767023
Gradient boosting,1,192,0,0.4309043340294157
Gradient boosting,1,227,0,0.6787804265807243
Gradient boosting,1,228,0,0.32395614868425127
Gradient boosting,1,230,0,0.4191164161226858
Gradient boosting,1,234,0,0.2886546734594423
Gradient boosting,1,239,1,0.7386684546297461
Gradient boosting,1,241,1,0.6275540038005392
Gradient boosting,1,243,1,0.724486532006709
Gradient boosting,1,251,0,0.3406029493930783
Gradient boosting,1,265,0,0.8155819201992017
Gradient boosting,1,269,0,0.5326794040977991
Gradient boosting,1,275,1,0.33349027953281507
Gradient boosting,1,287,1,0.7058499476244394
Gradient boosting,1,288,0,0.3279210232488685
Gradient boosting,1,307,0,0.5338043906978549
Gradient boosting,1,322,1,0.664863657054513
Gradient boosting,1,329,1,0.4260024348333623
Gradient boosting,1,330,0,0.5382510404216488
Gradient boosting,1,343,0,0.3585701138325698
Gradient boosting,1,350,0,0.3170197393624842
Gradient boosting,1,365,0,0.30605541242879813
Gradient boosting,1,366,0,0.2526405562587457
Gradient boosting,1,393,1,0.6664045483985227
Gradient boosting,1,404,0,0.3213456276135959
Gradient boosting,1,405,1,0.3706495281714621
Gradient boosting,1,423,0,0.25847130093621334
Gradient boosting,1,436,0,0.33947017222465353
Gradient boosting,1,444,0,0.3708401265094944
Gradient boosting,1,448,1,0.5979454626419031
Gradient boosting,1,455,0,0.299696397540026
Gradient boosting,1,473,0,0.6622086088330411
Gradient boosting,1,487,1,0.6719059258874318
Gradient boosting,1,506,1,0.3581524536753322
Gradient boosting,1,519,0,0.5022968027232511
Gradient boosting,1,530,1,0.49793674866644405
Gradient boosting,1,536,0,0.24579689782354422
Gradient boosting,1,538,1,0.7193806334072765
Gradient boosting,1,548,0,0.37602607613915406
Gradient boosting,1,555,1,0.5212467010655608
Gradient boosting,1,560,0,0.5554086948094678
Gradient boosting,1,569,0,0.3187083778779046
Gradient boosting,1,598,1,0.6819874713204078
Gradient boosting,1,605,0,0.23708409215199264
Gradient boosting,1,607,1,0.6044557355301798
Gradient boosting,1,621,0,0.2735882306500233
Gradient boosting,1,628,1,0.47689928666852
Gradient boosting,1,654,1,0.3143833927880324
Gradient boosting,1,655,0,0.25590490174928476
Gradient boosting,1,664,0,0.4758875384571913
Gradient boosting,1,666,0,0.28159720817266376
Gradient boosting,1,671,1,0.7360194037003953
Gradient boosting,1,672,1,0.6843242391503043
Gradient boosting,1,676,0,0.42275775970727186
Gradient boosting,1,678,1,0.5725692565677497
Gradient boosting,1,697,1,0.8002703260843881
Gradient boosting,1,700,1,0.5794332903769658
Gradient boosting,1,705,1,0.7775665499615021
Gradient boosting,1,707,1,0.5616499649286085
Gradient boosting,1,716,1,0.39406562120367356
Gradient boosting,1,719,1,0.44757107332496965
Gradient boosting,1,742,1,0.7812809560854411
Gradient boosting,1,746,0,0.3229276372462789
Gradient boosting,1,754,1,0.3527098250640937
Gradient boosting,1,761,0,0.2545128571920068
Gradient boosting,1,785,0,0.5927734064028063
Gradient boosting,1,788,0,0.4759052591770369
Gradient boosting,1,791,1,0.37571627438237437
Gradient boosting,1,802,1,0.3950921672705624
Gradient boosting,1,806,0,0.4512956997562315
Gradient boosting,1,841,1,0.6698282440643554
Gradient boosting,1,875,0,0.38987844359817087
Gradient boosting,1,878,0,0.6047736970843838
Gradient boosting,1,892,0,0.3277533107041724
Gradient boosting,1,895,1,0.7083071670132988
Gradient boosting,1,896,0,0.20095846545965274
Gradient boosting,1,899,1,0.6208341390905103
Gradient boosting,1,914,1,0.5307878221750856
Gradient boosting,1,915,0,0.18886142862070143
Gradient boosting,1,916,1,0.37560950493139816
Gradient boosting,1,919,1,0.7147088769017025
Gradient boosting,1,921,0,0.7551833599881144
Gradient boosting,1,926,1,0.6939823771925541
Gradient boosting,1,929,0,0.43842569215647836
Gradient boosting,1,939,1,0.3221447617284321
Gradient boosting,1,955,1,0.5465256983609125
Gradient boosting,1,957,1,0.5876726700479236
Gradient boosting,1,966,1,0.7445339610038243
Gradient boosting,1,973,0,0.500993583937266
Gradient boosting,1,977,0,0.2793834139991958
Gradient boosting,1,979,0,0.7106374729410534
Gradient boosting,1,980,1,0.4430002896320251
Gradient boosting,1,983,0,0.7608988635144419
Gradient boosting,1,986,1,0.7365178114333022
Gradient boosting,1,991,1,0.49914356932272774
Gradient boosting,1,994,0,0.5291607286674773
Gradient boosting,1,999,0,0.5211937465594785
Gradient boosting,1,1002,0,0.6076741312364758
Gradient boosting,1,1009,0,0.321082678213053
Gradient boosting,1,1014,1,0.5590456657891787
Gradient boosting,1,1028,0,0.6457182603651591
Gradient boosting,1,1047,0,0.5331101496042653
Gradient boosting,1,1050,1,0.434986221146943
Gradient boosting,1,1052,1,0.4558532147376742
Gradient boosting,1,1056,0,0.43662495599830864
Gradient boosting,1,1073,1,0.532727569705237
Gradient boosting,1,1083,0,0.8045004461367593
Gradient boosting,1,1090,0,0.22304803746987203
Gradient boosting,1,1100,0,0.36288321054485384
Gradient boosting,1,1110,1,0.7875697283017645
Gradient boosting,1,1115,0,0.30621241088105866
Gradient boosting,1,1119,1,0.47338223659213496
Gradient boosting,1,1127,1,0.6601051221806
Gradient boosting,1,1128,1,0.5539167679208454
Gradient boosting,1,1134,1,0.7643409884035492
Gradient boosting,1,1139,1,0.4882499542482611
Gradient boosting,1,1146,1,0.49086837971747926
Gradient boosting,1,1155,1,0.6166541917993047
Gradient boosting,1,1161,0,0.26698438537699587
Gradient boosting,1,1163,0,0.2290242171015534
Gradient boosting,1,1164,0,0.2625222633335055
Gradient boosting,1,1188,0,0.16918536054927047
Gradient boosting,1,1194,1,0.6302966031054275
Gradient boosting,1,1216,0,0.3407650122830267
Gradient boosting,1,1221,0,0.46058862163824704
Gradient boosting,1,1234,1,0.7049110785932331
Gradient boosting,1,1243,1,0.38945824502108295
Gradient boosting,1,1257,0,0.6795480972564918
Gradient boosting,1,1258,1,0.6745859925582962
Gradient boosting,1,1289,1,0.6804071125429055
Gradient boosting,1,1298,0,0.3398580542816516
Gradient boosting,1,1310,1,0.6517420982861688
Gradient boosting,1,1317,0,0.6302239620395803
Gradient boosting,1,1322,1,0.48756706865985194
Gradient boosting,1,1334,1,0.18975875855971364
Gradient boosting,1,1340,0,0.571715333339354
Gradient boosting,1,1343,0,0.6576215947915253
Gradient boosting,1,1349,0,0.7069436170423313
Gradient boosting,1,1355,1,0.40299325965198074
Gradient boosting,1,1364,1,0.6487256897238789
Gradient boosting,1,1379,0,0.5368167750215662
Gradient boosting,1,1391,0,0.2624996734570871
Gradient boosting,1,1411,1,0.4434969473497285
Gradient boosting,1,1419,0,0.25531259658598043
Gradient boosting,1,1433,0,0.475020147150987
Gradient boosting,1,1441,0,0.5077825491329728
Gradient boosting,1,1454,0,0.4322655433726148
Gradient boosting,1,1459,1,0.46545695654428454
Gradient boosting,1,1476,0,0.38020592353689847
Gradient boosting,1,1489,1,0.2578177936778411
Gradient boosting,1,1496,1,0.6088677025776749
Gradient boosting,1,1500,0,0.4005010098812963
Gradient boosting,1,1504,1,0.34924502015871345
Gradient boosting,1,1516,0,0.5235636193646707
Gradient boosting,1,1518,0,0.2736995488020361
Gradient boosting,1,1519,0,0.23656067545056889
Gradient boosting,1,1545,1,0.698773130302514
Gradient boosting,1,1552,1,0.19192747554772263
Gradient boosting,1,1564,0,0.2973630854502016
Gradient boosting,1,1576,1,0.3997951979965795
Gradient boosting,1,1579,0,0.3578413315464564
Gradient boosting,1,1582,0,0.6411885548279199
Gradient boosting,1,1584,1,0.5729816898785697
Gradient boosting,1,1607,1,0.628260011889315
Gradient boosting,1,1624,1,0.5990975086027392
Gradient boosting,1,1626,0,0.6620974111431609
Gradient boosting,1,1627,0,0.6213278809061918
Gradient boosting,1,1630,0,0.5538310470681492
Gradient boosting,1,1635,0,0.28235447434507127
Gradient boosting,1,1643,0,0.3075728831272473
Gradient boosting,1,1653,1,0.3369971610304356
Gradient boosting,1,1661,1,0.8683400554240761
Gradient boosting,1,1663,0,0.41296414720165636
Gradient boosting,1,1664,1,0.8199167894321788
Gradient boosting,1,1668,0,0.5528758226403757
Gradient boosting,1,1671,1,0.40059790638849685
Gradient boosting,1,1679,1,0.5780844960779112
Gradient boosting,1,1685,1,0.27823987938717104
Gradient boosting,1,1714,1,0.8313797677586012
Gradient boosting,1,1724,1,0.397386855532974
Gradient boosting,1,1727,1,0.4646295975049547
Gradient boosting,1,1754,1,0.6125502139892772
Gradient boosting,1,1758,1,0.5462599357962993
Gradient boosting,1,1759,1,0.8170850722084914
Gradient boosting,1,1763,1,0.734062158626469
Gradient boosting,1,1764,0,0.5873190872134844
Gradient boosting,1,1788,0,0.5512892224575466
Gradient boosting,1,1790,0,0.7055312371510527
Gradient boosting,1,1799,0,0.6756395714083943
Gradient boosting,1,1801,0,0.21579886477558052
Gradient boosting,1,1832,0,0.44258480318947196
Gradient boosting,1,1839,0,0.7210805148957586
Gradient boosting,1,1845,1,0.665731873520086
Gradient boosting,1,1847,0,0.41313584105063633
Gradient boosting,1,1848,1,0.6243804304098937
Gradient boosting,1,1857,0,0.7284336420314805
Gradient boosting,1,1858,1,0.3597495749401481
Gradient boosting,1,1872,1,0.6484586834468604
Gradient boosting,1,1886,0,0.6367530477447835
Gradient boosting,1,1896,0,0.44480420768437867
Gradient boosting,1,1900,1,0.3887235143985991
Gradient boosting,1,1901,0,0.48675610688593746
Gradient boosting,1,1917,1,0.18998615649732536
Gradient boosting,1,1921,0,0.43534104063575246
Gradient boosting,1,1937,0,0.35288288417778735
Gradient boosting,1,1956,0,0.24298893976033742
Gradient boosting,1,1974,0,0.3667390003511026
Gradient boosting,1,1984,1,0.7977037263810093
Gradient boosting,1,1990,0,0.4167954003938571
Gradient boosting,1,1996,1,0.5028856797952007
Gradient boosting,1,2009,0,0.5562945941344548
Gradient boosting,1,2010,1,0.4477678639551436
Gradient boosting,1,2021,1,0.7501325098850167
Gradient boosting,1,2023,1,0.6340683949658004
Gradient boosting,1,2028,1,0.42927843962854784
Gradient boosting,1,2030,1,0.761879912342759
Gradient boosting,1,2047,0,0.38916075525291854
Gradient boosting,1,2065,0,0.5274395051369353
Gradient boosting,1,2085,1,0.8183665509776534
Gradient boosting,1,2118,1,0.4655943982713576
Gradient boosting,1,2122,1,0.6083309714623033
Gradient boosting,1,2123,1,0.4970788012377567
Gradient boosting,1,2138,1,0.49654537770593526
Gradient boosting,1,2153,1,0.6726660865419936
Gradient boosting,1,2155,1,0.36349366935242833
Gradient boosting,1,2157,0,0.5414668177247614
Gradient boosting,1,2198,1,0.30502173154695966
Gradient boosting,1,2204,0,0.18076814607164446
Gradient boosting,1,2212,1,0.7103203957309192
Gradient boosting,1,2225,1,0.4730292954584617
Gradient boosting,1,2234,0,0.38068603838033144
Gradient boosting,1,2250,0,0.5543280974502359
Gradient boosting,1,2251,1,0.5004919208570002
Gradient boosting,1,2297,0,0.2597657261838739
Gradient boosting,1,2302,1,0.7803974800414772
Gradient boosting,1,2312,0,0.5968595086397168
Gradient boosting,1,2323,1,0.8495158825975307
Gradient boosting,1,2334,1,0.4609360180867805
Gradient boosting,1,2335,1,0.3171764257183275
Gradient boosting,1,2342,0,0.6600524757335948
Gradient boosting,1,2344,1,0.6474215321628863
Gradient boosting,1,2350,1,0.8236503588771509
Gradient boosting,1,2358,1,0.7073398056182141
Gradient boosting,1,2381,0,0.3305843733260995
Gradient boosting,1,2401,0,0.5905858839576582
Gradient boosting,1,2403,0,0.2809545833975062
Gradient boosting,1,2410,0,0.2392589859234475
Gradient boosting,1,2416,0,0.5992162244081766
Gradient boosting,1,2425,1,0.7054382881286869
Gradient boosting,1,2435,0,0.6756814998544733
Gradient boosting,1,2436,1,0.6022168211060868
Gradient boosting,1,2444,0,0.5897880232770428
Gradient boosting,1,2455,1,0.47001631825365375
Gradient boosting,1,2458,0,0.2582229276209214
Gradient boosting,1,2462,0,0.1876357386790771
Gradient boosting,1,2463,1,0.8697887580425939
Gradient boosting,1,2488,0,0.22603300053815867
Gradient boosting,1,2507,0,0.5941443226290981
Gradient boosting,1,2538,1,0.36104990447332985
Gradient boosting,1,2547,1,0.7634981997326079
Gradient boosting,1,2559,1,0.7318458879058367
Gradient boosting,1,2560,1,0.651716481379749
Gradient boosting,1,2579,1,0.7765980933092764
Gradient boosting,1,2585,1,0.31790571109455656
Gradient boosting,1,2592,1,0.5817131070747058
Gradient boosting,1,2603,0,0.21416327654492523
Gradient boosting,1,2606,0,0.7242222124266149
Gradient boosting,1,2608,0,0.4674160786700754
Gradient boosting,1,2613,0,0.7409915797147956
Gradient boosting,1,2633,1,0.512172049690736
Gradient boosting,1,2646,1,0.34044759724292184
Gradient boosting,1,2655,0,0.40400657636767645
Gradient boosting,1,2665,1,0.47487550851425026
Gradient boosting,1,2684,1,0.5002724045172469
Gradient boosting,1,2687,1,0.637238655972511
Gradient boosting,1,2691,1,0.7063701466127968
Gradient boosting,1,2714,1,0.19576358323043327
Gradient boosting,1,2718,1,0.42802171804013545
Gradient boosting,1,2725,0,0.5834816089630765
Gradient boosting,1,2731,1,0.4691135216226106
Gradient boosting,1,2734,0,0.4575178668986052
Gradient boosting,1,2736,0,0.4651457645834251
Gradient boosting,1,2765,1,0.674423681667278
Gradient boosting,1,2768,1,0.38915050248250443
Gradient boosting,1,2774,0,0.34757149261168946
Gradient boosting,1,2793,1,0.3401617729201377
Gradient boosting,1,2797,1,0.25096999434156136
Gradient boosting,1,2810,1,0.5656105406799145
Gradient boosting,1,2820,1,0.44096350950325325
Gradient boosting,1,2824,0,0.7858052125426644
Gradient boosting,1,2835,1,0.4369714134651688
Gradient boosting,1,2863,1,0.6083190544364964
Gradient boosting,1,2882,0,0.7400295532840261
Gradient boosting,1,2891,1,0.580127723244105
Gradient boosting,1,2895,1,0.21206013364986395
Gradient boosting,1,2897,1,0.7176381008863262
Gradient boosting,1,2900,1,0.6193732081599445
Gradient boosting,1,2903,1,0.7150673298236819
Gradient boosting,1,2906,1,0.6690984679306404
Gradient boosting,1,2912,0,0.2752303266831437
Gradient boosting,1,2916,0,0.630141478576874
Gradient boosting,1,2923,0,0.2807973535582497
Gradient boosting,1,2926,1,0.7628622455559938
Gradient boosting,1,2946,1,0.6054565066954056
Gradient boosting,1,2947,1,0.3846848968049289
Gradient boosting,1,2948,0,0.48233446650506345
Gradient boosting,1,2949,0,0.3153292063612226
Gradient boosting,1,2951,0,0.2411779755275504
Gradient boosting,1,2965,0,0.5928428321610514
Gradient boosting,1,2972,1,0.47185726188109056
Gradient boosting,1,2976,1,0.36246845822717116
Gradient boosting,1,3006,0,0.3756075678446441
Gradient boosting,1,3011,1,0.3535692954490975
Gradient boosting,1,3016,1,0.442674665725443
Gradient boosting,1,3025,1,0.8324255861433122
Gradient boosting,1,3032,1,0.6867877876646671
Gradient boosting,1,3043,1,0.2521631886483397
Gradient boosting,1,3065,1,0.6618041102673398
Gradient boosting,1,3074,1,0.5508946293294816
Gradient boosting,1,3110,0,0.48388065835906563
Gradient boosting,1,3123,0,0.6427753194672607
Gradient boosting,1,3128,0,0.2213794956885062
Gradient boosting,1,3136,1,0.7752270547268304
Gradient boosting,1,3139,1,0.2814148893613362
Gradient boosting,1,3143,1,0.5458490278708407
Gradient boosting,1,3145,0,0.4429370200443286
Gradient boosting,1,3146,1,0.6669623478885718
Gradient boosting,1,3169,0,0.3833745478180599
Gradient boosting,1,3170,0,0.7162446590900999
Gradient boosting,1,3175,0,0.6511374767442685
Gradient boosting,1,3214,0,0.2636159106539409
Gradient boosting,1,3224,1,0.8856438235522085
Gradient boosting,1,3226,0,0.577297790595849
Gradient boosting,1,3234,0,0.46715595856835623
Gradient boosting,1,3235,1,0.8009141137099898
Gradient boosting,1,3258,0,0.5325295509161143
Gradient boosting,1,3264,0,0.2545312098693649
Gradient boosting,1,3285,0,0.4258504163481495
Gradient boosting,1,3298,0,0.36112268755823174
Gradient boosting,1,3300,1,0.7987756498372081
Gradient boosting,1,3302,0,0.43316523998181655
Gradient boosting,1,3336,0,0.6604397443391264
Gradient boosting,1,3343,1,0.5492200089719088
Gradient boosting,1,3344,1,0.3431418399023816
Gradient boosting,1,3373,0,0.31967534360851363
Gradient boosting,1,3375,1,0.3652133149075668
Gradient boosting,1,3376,0,0.20985256750522183
Gradient boosting,1,3391,1,0.47096440842725934
Gradient boosting,1,3426,1,0.40258284247690196
Gradient boosting,1,3437,1,0.7208821399566094
Gradient boosting,1,3447,1,0.412470785765633
Gradient boosting,1,3448,1,0.6252407603917678
Gradient boosting,1,3449,1,0.40653850273831704
Gradient boosting,1,3466,1,0.6673853976461972
Gradient boosting,1,3468,1,0.7166073720380198
Gradient boosting,1,3476,1,0.46411077614393526
Gradient boosting,1,3477,0,0.48681450824848754
Gradient boosting,1,3495,0,0.3682894374979692
Gradient boosting,1,3497,1,0.2086155133256571
Gradient boosting,1,3538,0,0.25544431310322224
Gradient boosting,1,3541,0,0.7955125395380102
Gradient boosting,1,3545,1,0.6446328259984588
Gradient boosting,1,3551,0,0.2675740780497197
Gradient boosting,1,3593,0,0.3606354880871114
Gradient boosting,1,3597,0,0.6986356429047739
Gradient boosting,1,3599,1,0.6785009759068558
Gradient boosting,1,3603,1,0.6461440145813537
Gradient boosting,1,3608,1,0.6813738008702876
Gradient boosting,1,3610,0,0.33243627840400675
Gradient boosting,1,3631,0,0.6322427680769179
Gradient boosting,1,3636,0,0.3436950181550059
Gradient boosting,1,3645,0,0.6874508211002935
Gradient boosting,1,3653,1,0.34488995316875276
Gradient boosting,1,3656,1,0.4399035959732238
Gradient boosting,1,3660,0,0.8484418474843178
Gradient boosting,1,3664,1,0.5677439945499482
Gradient boosting,1,3666,1,0.6255355222953183
Gradient boosting,1,3674,1,0.7878880993302868
Gradient boosting,1,3678,0,0.6673031439228004
Gradient boosting,1,3691,1,0.5983664989671874
Gradient boosting,1,3695,0,0.6828892864205984
Gradient boosting,1,3729,0,0.6500430367768992
Gradient boosting,1,3737,0,0.1863330537129481
Gradient boosting,1,3756,1,0.6862130517099493
Gradient boosting,1,3757,0,0.7959921272269008
Gradient boosting,1,3761,1,0.6119336619685629
Gradient boosting,1,3762,0,0.6320638892904964
Gradient boosting,1,3772,1,0.45702285139522025
Gradient boosting,1,3785,1,0.4436603872236394
Gradient boosting,1,3801,1,0.6161978152125422
Gradient boosting,1,3809,1,0.3845815500543536
Gradient boosting,1,3818,1,0.7785757393514747
Gradient boosting,1,3822,1,0.6549899632188552
Gradient boosting,1,3824,0,0.5358182467885385
Gradient boosting,1,3827,0,0.27496566645931225
Gradient boosting,1,3842,0,0.6530287796849267
Gradient boosting,1,3863,1,0.8214375242944308
Gradient boosting,1,3864,1,0.701475546818118
Gradient boosting,1,3866,0,0.28365756543668136
Gradient boosting,1,3882,1,0.5258035422084464
Gradient boosting,1,3890,1,0.7380252960327485
Gradient boosting,1,3896,0,0.4091042771413933
Gradient boosting,1,3900,0,0.5388856416719477
Gradient boosting,1,3902,0,0.4817359422257451
Gradient boosting,1,3913,1,0.5326788074972966
Gradient boosting,1,3919,1,0.798994609137647
Gradient boosting,1,3925,1,0.34254368414489245
Gradient boosting,1,3926,0,0.2399149199619616
Gradient boosting,1,3939,1,0.25974654993290125
Gradient boosting,1,3940,1,0.31913588828415906
Gradient boosting,1,3954,0,0.8026775331927
Gradient boosting,1,3956,0,0.6094234556313209
Gradient boosting,1,3968,0,0.4923270116107738
Gradient boosting,1,3969,1,0.6557895955980568
Gradient boosting,1,3978,1,0.7051172348112275
Gradient boosting,1,3989,0,0.47512032746069327
Gradient boosting,1,3994,0,0.25604061157381397
Gradient boosting,1,4022,1,0.5959618266299331
Gradient boosting,1,4030,0,0.3126309107025966
Gradient boosting,1,4031,1,0.5733315607115228
Gradient boosting,1,4037,1,0.6849937905516221
Gradient boosting,1,4057,0,0.4451643048592388
Gradient boosting,1,4059,1,0.5353657428497095
Gradient boosting,1,4063,1,0.3669194128767966
Gradient boosting,1,4084,1,0.4961208846409408
Gradient boosting,1,4085,1,0.7776647461882892
Gradient boosting,1,4096,0,0.23675704254490934
Gradient boosting,1,4105,0,0.33670631753675334
Gradient boosting,1,4108,0,0.567052713305973
Gradient boosting,1,4125,1,0.49821131584750683
Gradient boosting,1,4128,0,0.3804408288519977
Gradient boosting,1,4151,1,0.26938192722443305
Gradient boosting,1,4162,1,0.5192018232907105
Gradient boosting,1,4172,0,0.337716952802487
Gradient boosting,1,4185,1,0.7532154192853778
Gradient boosting,1,4194,1,0.3714960529252521
Gradient boosting,1,4195,0,0.2533107574064333
Gradient boosting,1,4196,1,0.6186158014446781
Gradient boosting,1,4209,0,0.5687438507835987
Gradient boosting,1,4218,0,0.2932644051983072
Gradient boosting,1,4223,1,0.4106328643461219
Gradient boosting,1,4232,1,0.4587841316786898
Gradient boosting,1,4264,1,0.6844779134578942
Gradient boosting,1,4271,0,0.3190518613711101
Gradient boosting,1,4309,0,0.4792602673109295
Gradient boosting,1,4339,0,0.5982628920805096
Gradient boosting,1,4345,0,0.31518953915143216
Gradient boosting,1,4350,0,0.5120319784254679
Gradient boosting,1,4351,1,0.3314249797140258
Gradient boosting,1,4364,0,0.41104353365438684
Gradient boosting,1,4370,0,0.5760369830064193
Gradient boosting,1,4375,0,0.3419189297780016
Gradient boosting,1,4383,0,0.29903380449580674
Gradient boosting,1,4389,1,0.35429909177864843
Gradient boosting,1,4394,0,0.38688114408464125
Gradient boosting,1,4395,0,0.5823727851700692
Gradient boosting,1,4411,1,0.506330875045792
Gradient boosting,1,4434,0,0.3575027326236366
Gradient boosting,1,4448,0,0.7393047865457014
Gradient boosting,1,4462,1,0.5267254679168581
Gradient boosting,1,4463,1,0.7809151370973004
Gradient boosting,1,4479,1,0.5951160971102487
Gradient boosting,1,4486,0,0.3986755914229473
Gradient boosting,1,4501,1,0.20831430936397968
Gradient boosting,1,4507,0,0.4069543324508446
Gradient boosting,1,4511,0,0.6200581559590641
Gradient boosting,1,4529,1,0.3690000830236694
Gradient boosting,1,4535,1,0.4715991328410594
Gradient boosting,1,4553,1,0.7574802361205929
Gradient boosting,1,4584,1,0.5776812351337217
Gradient boosting,1,4588,0,0.5934012175933531
Gradient boosting,1,4613,1,0.6234580746870824
Gradient boosting,1,4614,0,0.7405581493103826
Gradient boosting,1,4617,0,0.5322472236732964
Gradient boosting,1,4638,0,0.8113857827721404
Gradient boosting,1,4657,1,0.6475611856727899
Gradient boosting,1,4661,0,0.5853855351636276
Gradient boosting,1,4676,1,0.6184636215251358
Gradient boosting,1,4677,1,0.4227330456892061
Gradient boosting,1,4684,0,0.650849588866286
Gradient boosting,1,4702,1,0.4345640447851014
Gradient boosting,1,4707,0,0.2843511436557139
Gradient boosting,1,4720,0,0.6636642289080871
Gradient boosting,1,4725,0,0.34970671485178934
Gradient boosting,1,4739,0,0.6647004199791982
Gradient boosting,1,4755,0,0.610424680777106
Gradient boosting,1,4756,0,0.5181470523810605
Gradient boosting,1,4766,0,0.5223998278336149
Gradient boosting,1,4786,0,0.47569435087204825
Gradient boosting,1,4789,1,0.6775320651025033
Gradient boosting,1,4799,1,0.8067573479410922
Gradient boosting,1,4800,1,0.7156231243153759
Gradient boosting,1,4801,0,0.5940769200325697
Gradient boosting,1,4812,1,0.581955534356983
Gradient boosting,1,4813,1,0.5817034844634477
Gradient boosting,1,4818,1,0.5296307349729912
Gradient boosting,1,4820,1,0.7251548730645127
Gradient boosting,1,4824,0,0.35380105342532775
Gradient boosting,1,4829,0,0.34254368414489245
Gradient boosting,1,4857,1,0.7407015638682738
Gradient boosting,1,4865,1,0.6977955285252634
Gradient boosting,1,4873,1,0.41979060859971823
Gradient boosting,1,4882,1,0.4027194251617153
Gradient boosting,1,4891,0,0.6403701676157731
Gradient boosting,1,4897,0,0.7318453911753654
Gradient boosting,1,4899,0,0.6150325354758068
Gradient boosting,1,4911,1,0.416033655998335
Gradient boosting,1,4913,0,0.7311697816957615
Gradient boosting,1,4919,1,0.7112727667103272
Gradient boosting,1,4922,1,0.6173026548456263
Gradient boosting,1,4976,1,0.29071761550290864
Gradient boosting,1,4991,1,0.14301680013149112
Gradient boosting,1,4993,1,0.5819520381297905
Gradient boosting,1,4994,1,0.8354615443959926
Week 5 logistic,2,2,1,0.6266277903346443
Week 5 logistic,2,7,0,0.7759463148488585
Week 5 logistic,2,13,0,0.5890847561201243
Week 5 logistic,2,14,0,0.5912620339935951
Week 5 logistic,2,25,1,0.2342769933028838
Week 5 logistic,2,39,0,0.5036286188766199
Week 5 logistic,2,42,0,0.5369663929285466
Week 5 logistic,2,48,0,0.3666675051488813
Week 5 logistic,2,59,1,0.4742665806518222
Week 5 logistic,2,79,0,0.6910563272093062
Week 5 logistic,2,84,1,0.7269468070919406
Week 5 logistic,2,85,1,0.4484744983969884
Week 5 logistic,2,97,1,0.4464897044120256
Week 5 logistic,2,107,1,0.5921788605211641
Week 5 logistic,2,121,0,0.71585589581092
Week 5 logistic,2,155,1,0.6025386516402854
Week 5 logistic,2,161,1,0.1908784717869779
Week 5 logistic,2,190,1,0.5631611527293433
Week 5 logistic,2,203,1,0.5658922888774617
Week 5 logistic,2,214,0,0.5343550142002282
Week 5 logistic,2,222,1,0.7426065776725231
Week 5 logistic,2,224,0,0.5133759206179419
Week 5 logistic,2,235,1,0.6274141456182865
Week 5 logistic,2,236,0,0.5424608064381856
Week 5 logistic,2,244,0,0.7134003451827609
Week 5 logistic,2,254,0,0.5615405732302359
Week 5 logistic,2,259,0,0.4036823099392555
Week 5 logistic,2,282,0,0.8091170961899664
Week 5 logistic,2,310,0,0.5391304855669594
Week 5 logistic,2,311,0,0.6075329432049164
Week 5 logistic,2,315,0,0.6649753340128631
Week 5 logistic,2,340,1,0.37179644523578165
Week 5 logistic,2,371,1,0.5967980528370448
Week 5 logistic,2,394,0,0.5549194080457257
Week 5 logistic,2,415,1,0.37683986248197765
Week 5 logistic,2,421,1,0.6665013580636117
Week 5 logistic,2,429,1,0.6877956699796887
Week 5 logistic,2,454,0,0.6398359163515115
Week 5 logistic,2,457,1,0.3571684113845909
Week 5 logistic,2,460,1,0.6082460001743741
Week 5 logistic,2,467,0,0.42576637796924593
Week 5 logistic,2,478,0,0.297268824670388
Week 5 logistic,2,489,0,0.6801587613791338
Week 5 logistic,2,493,0,0.34905176982926717
Week 5 logistic,2,501,0,0.491283453309201
Week 5 logistic,2,511,1,0.7426620762807054
Week 5 logistic,2,534,1,0.27537190072826184
Week 5 logistic,2,547,0,0.14782171555485762
Week 5 logistic,2,549,1,0.6512224487756035
Week 5 logistic,2,568,0,0.36269560845820853
Week 5 logistic,2,586,0,0.37846023743176216
Week 5 logistic,2,599,1,0.4888517134027562
Week 5 logistic,2,600,0,0.42145877606745613
Week 5 logistic,2,614,1,0.44661522021828665
Week 5 logistic,2,615,0,0.48774829210862103
Week 5 logistic,2,624,0,0.29512515199666195
Week 5 logistic,2,635,0,0.45195629289517425
Week 5 logistic,2,640,1,0.5589384355094215
Week 5 logistic,2,651,1,0.6159070625480967
Week 5 logistic,2,665,1,0.6691769295877522
Week 5 logistic,2,674,0,0.4583757047913335
Week 5 logistic,2,687,0,0.30048636004427826
Week 5 logistic,2,701,0,0.5151820788472108
Week 5 logistic,2,710,0,0.4902994119020037
Week 5 logistic,2,726,1,0.6120211114306352
Week 5 logistic,2,730,1,0.5350630826369529
Week 5 logistic,2,735,1,0.5578595080310143
Week 5 logistic,2,766,0,0.4563269561411459
Week 5 logistic,2,770,0,0.4388533608764194
Week 5 logistic,2,781,0,0.3349416200275282
Week 5 logistic,2,787,1,0.48218991613932954
Week 5 logistic,2,812,0,0.4535424518799828
Week 5 logistic,2,818,0,0.4078261609042711
Week 5 logistic,2,821,1,0.6280374137271777
Week 5 logistic,2,823,1,0.26987886707205516
Week 5 logistic,2,824,1,0.6368378920561099
Week 5 logistic,2,826,0,0.3201046014423859
Week 5 logistic,2,849,0,0.22377925702608398
Week 5 logistic,2,858,1,0.5912810732751785
Week 5 logistic,2,865,0,0.645813232726651
Week 5 logistic,2,874,0,0.5633653178581339
Week 5 logistic,2,879,0,0.08854516464235515
Week 5 logistic,2,885,0,0.6923935862552291
Week 5 logistic,2,891,0,0.5802884865284011
Week 5 logistic,2,931,1,0.476936087039926
Week 5 logistic,2,933,0,0.4708597932488047
Week 5 logistic,2,940,0,0.3923071665657186
Week 5 logistic,2,952,0,0.3290636392028752
Week 5 logistic,2,965,0,0.2623207349219913
Week 5 logistic,2,981,1,0.4951970886503373
Week 5 logistic,2,984,0,0.3097963258206174
Week 5 logistic,2,985,1,0.7018421441976357
Week 5 logistic,2,995,0,0.45197171694976473
Week 5 logistic,2,1001,1,0.6994359585509663
Week 5 logistic,2,1032,1,0.5717329412965017
Week 5 logistic,2,1040,0,0.6172904327549932
Week 5 logistic,2,1044,0,0.5446537734852325
Week 5 logistic,2,1061,1,0.647505972078844
Week 5 logistic,2,1067,1,0.476524730620057
Week 5 logistic,2,1070,0,0.3640249822384362
Week 5 logistic,2,1088,1,0.5770886891344886
Week 5 logistic,2,1097,0,0.6788559585525334
Week 5 logistic,2,1117,1,0.5633443341379274
Week 5 logistic,2,1118,0,0.3683258866396401
Week 5 logistic,2,1129,0,0.5666375615993829
Week 5 logistic,2,1131,1,0.592770589020789
Week 5 logistic,2,1160,0,0.548232739215147
Week 5 logistic,2,1170,0,0.44275004694499104
Week 5 logistic,2,1171,1,0.6162753789357011
Week 5 logistic,2,1180,0,0.3974257443675262
Week 5 logistic,2,1195,0,0.6095152363221941
Week 5 logistic,2,1196,1,0.5276378037587179
Week 5 logistic,2,1199,1,0.28162522804745005
Week 5 logistic,2,1207,1,0.5267578579389653
Week 5 logistic,2,1210,0,0.16952663042417415
Week 5 logistic,2,1220,1,0.35901679850107887
Week 5 logistic,2,1223,0,0.4576531503043839
Week 5 logistic,2,1231,0,0.5810492004740323
Week 5 logistic,2,1254,1,0.40922914347773787
Week 5 logistic,2,1273,1,0.7901307056061776
Week 5 logistic,2,1276,0,0.23566042823407582
Week 5 logistic,2,1297,1,0.5358324306683446
Week 5 logistic,2,1304,0,0.5664556510446239
Week 5 logistic,2,1305,0,0.4371249851880134
Week 5 logistic,2,1316,1,0.5889680035524457
Week 5 logistic,2,1328,0,0.19259320569169625
Week 5 logistic,2,1331,1,0.5457193862801988
Week 5 logistic,2,1336,1,0.5368011359708693
Week 5 logistic,2,1347,1,0.7054883836989386
Week 5 logistic,2,1369,0,0.36828049458519424
Week 5 logistic,2,1395,1,0.3512854247521314
Week 5 logistic,2,1396,1,0.593873841972543
Week 5 logistic,2,1397,1,0.2937090474203832
Week 5 logistic,2,1414,0,0.40666039746374155
Week 5 logistic,2,1416,1,0.36056091454794253
Week 5 logistic,2,1422,1,0.3887396380022161
Week 5 logistic,2,1423,1,0.5157711710243881
Week 5 logistic,2,1426,0,0.6938095928327204
Week 5 logistic,2,1437,1,0.3436864281848899
Week 5 logistic,2,1466,0,0.4725670723771019
Week 5 logistic,2,1524,0,0.48165557603067777
Week 5 logistic,2,1539,0,0.3066368280446008
Week 5 logistic,2,1546,1,0.524170861988406
Week 5 logistic,2,1553,0,0.5468636421579768
Week 5 logistic,2,1567,1,0.23776091403584504
Week 5 logistic,2,1594,1,0.5597548304412817
Week 5 logistic,2,1596,0,0.7055457755660055
Week 5 logistic,2,1601,1,0.5333117731499496
Week 5 logistic,2,1612,1,0.660861729945723
Week 5 logistic,2,1637,0,0.24843020999650162
Week 5 logistic,2,1647,1,0.6755628498966002
Week 5 logistic,2,1660,0,0.27880978595419714
Week 5 logistic,2,1667,0,0.35054728741377517
Week 5 logistic,2,1674,1,0.5486272136376171
Week 5 logistic,2,1692,1,0.6875503517276184
Week 5 logistic,2,1695,0,0.6578110320040519
Week 5 logistic,2,1702,0,0.46762368188302017
Week 5 logistic,2,1716,1,0.4973272990043038
Week 5 logistic,2,1722,1,0.3249626465156139
Week 5 logistic,2,1732,0,0.5445833123512037
Week 5 logistic,2,1741,1,0.6675548728399572
Week 5 logistic,2,1749,1,0.662262275154285
Week 5 logistic,2,1752,1,0.5511818619129807
Week 5 logistic,2,1757,1,0.428642705240012
Week 5 logistic,2,1774,0,0.6901191115046333
Week 5 logistic,2,1779,0,0.53493066933606
Week 5 logistic,2,1811,1,0.6206822753430592
Week 5 logistic,2,1812,0,0.5470760963781921
Week 5 logistic,2,1828,0,0.457103861006119
Week 5 logistic,2,1859,1,0.5690886616335261
Week 5 logistic,2,1860,1,0.4733750463125628
Week 5 logistic,2,1878,1,0.4618412457629299
Week 5 logistic,2,1884,0,0.23046436405909113
Week 5 logistic,2,1893,0,0.6667587486298537
Week 5 logistic,2,1898,1,0.7460145494735202
Week 5 logistic,2,1902,1,0.5816656203697879
Week 5 logistic,2,1951,1,0.5848557820737633
Week 5 logistic,2,1958,1,0.6215172135077256
Week 5 logistic,2,1965,0,0.7066433258394113
Week 5 logistic,2,1972,1,0.41014547235325466
Week 5 logistic,2,1981,0,0.4977712065157474
Week 5 logistic,2,1993,1,0.6959367000769309
Week 5 logistic,2,2014,1,0.40130559195398513
Week 5 logistic,2,2017,1,0.6600479995759349
Week 5 logistic,2,2018,1,0.4030864478467641
Week 5 logistic,2,2022,1,0.5679392619901049
Week 5 logistic,2,2026,0,0.40139822146028076
Week 5 logistic,2,2033,1,0.5309594875276494
Week 5 logistic,2,2036,0,0.30842147900987665
Week 5 logistic,2,2043,1,0.7100211075995779
Week 5 logistic,2,2048,1,0.5519377164191
Week 5 logistic,2,2049,0,0.5544816299329463
Week 5 logistic,2,2054,1,0.6178727075250545
Week 5 logistic,2,2057,0,0.7597775025190904
Week 5 logistic,2,2061,0,0.2534934925637311
Week 5 logistic,2,2064,0,0.21030407847201593
Week 5 logistic,2,2071,1,0.7701928000874372
Week 5 logistic,2,2074,1,0.6575113165430745
Week 5 logistic,2,2083,1,0.5720211907510752
Week 5 logistic,2,2087,0,0.44900066293428403
Week 5 logistic,2,2101,1,0.6265414924013708
Week 5 logistic,2,2111,1,0.5293858916395447
Week 5 logistic,2,2119,0,0.549370959848774
Week 5 logistic,2,2127,1,0.6249518311620492
Week 5 logistic,2,2135,1,0.5929145441301756
Week 5 logistic,2,2143,1,0.3260846120584084
Week 5 logistic,2,2154,1,0.500818114832815
Week 5 logistic,2,2171,1,0.6823080579560793
Week 5 logistic,2,2178,0,0.5375721333843585
Week 5 logistic,2,2180,0,0.4933408476864995
Week 5 logistic,2,2182,0,0.23879964035297685
Week 5 logistic,2,2183,0,0.42745799795651146
Week 5 logistic,2,2184,0,0.30667332798240327
Week 5 logistic,2,2189,0,0.13631326049469736
Week 5 logistic,2,2194,1,0.6169034723857607
Week 5 logistic,2,2210,1,0.5533077192237337
Week 5 logistic,2,2230,0,0.5378785379593483
Week 5 logistic,2,2241,1,0.616317717489317
Week 5 logistic,2,2244,0,0.6202880659883446
Week 5 logistic,2,2246,0,0.4291729387879709
Week 5 logistic,2,2255,1,0.7053787749516379
Week 5 logistic,2,2257,0,0.6096128414876302
Week 5 logistic,2,2279,1,0.6330570040472044
Week 5 logistic,2,2351,0,0.50468039924254
Week 5 logistic,2,2360,1,0.22747273182653246
Week 5 logistic,2,2364,0,0.7545789959549813
Week 5 logistic,2,2379,0,0.3729068022727927
Week 5 logistic,2,2392,0,0.4289341916357449
Week 5 logistic,2,2395,1,0.16720395443096572
Week 5 logistic,2,2407,0,0.565367735538312
Week 5 logistic,2,2413,1,0.38080205965432234
Week 5 logistic,2,2421,1,0.6623436131625412
Week 5 logistic,2,2428,1,0.7610024369571335
Week 5 logistic,2,2437,1,0.6541192906385502
Week 5 logistic,2,2447,1,0.4380876501439371
Week 5 logistic,2,2467,0,0.5538967386755622
Week 5 logistic,2,2480,1,0.6207407130874237
Week 5 logistic,2,2493,1,0.4235446360380574
Week 5 logistic,2,2500,1,0.7229307070793316
Week 5 logistic,2,2529,1,0.4197684247602156
Week 5 logistic,2,2550,0,0.4391059986515876
Week 5 logistic,2,2562,1,0.5055134405967875
Week 5 logistic,2,2567,0,0.46068719887388687
Week 5 logistic,2,2615,1,0.7240588086192163
Week 5 logistic,2,2618,1,0.4834233670157039
Week 5 logistic,2,2631,1,0.5735674023377478
Week 5 logistic,2,2637,1,0.7198655872905897
Week 5 logistic,2,2658,1,0.6786696924036562
Week 5 logistic,2,2688,0,0.2274997698393906
Week 5 logistic,2,2717,1,0.6235698340805635
Week 5 logistic,2,2720,0,0.0653962246928579
Week 5 logistic,2,2721,1,0.565270473734705
Week 5 logistic,2,2728,0,0.36869912324751714
Week 5 logistic,2,2752,1,0.33267653892078547
Week 5 logistic,2,2753,1,0.0680769960972919
Week 5 logistic,2,2757,0,0.0961223240695783
Week 5 logistic,2,2770,1,0.5387487340327112
Week 5 logistic,2,2773,1,0.5549810971654557
Week 5 logistic,2,2782,0,0.6674947976302005
Week 5 logistic,2,2798,0,0.6117510502812588
Week 5 logistic,2,2816,0,0.5419105664919551
Week 5 logistic,2,2819,0,0.70093959279863
Week 5 logistic,2,2828,0,0.5024833533345766
Week 5 logistic,2,2854,0,0.5677381231983487
Week 5 logistic,2,2856,1,0.3364901025042038
Week 5 logistic,2,2876,0,0.46290009620275213
Week 5 logistic,2,2896,1,0.6392590188470243
Week 5 logistic,2,2904,1,0.65845128582682
Week 5 logistic,2,2929,0,0.582378332187052
Week 5 logistic,2,2931,0,0.35518101354451753
Week 5 logistic,2,2940,0,0.5184127819607213
Week 5 logistic,2,2969,0,0.5661362445574908
Week 5 logistic,2,2970,0,0.3051521946416167
Week 5 logistic,2,2980,1,0.6756999775567647
Week 5 logistic,2,2984,1,0.7358092686187935
Week 5 logistic,2,2985,0,0.28672685701573997
Week 5 logistic,2,2986,1,0.4912296150141737
Week 5 logistic,2,2991,1,0.13601441630028216
Week 5 logistic,2,2995,0,0.5665101896182209
Week 5 logistic,2,2999,0,0.4279968955967851
Week 5 logistic,2,3001,0,0.5256384536609957
Week 5 logistic,2,3004,0,0.6973528062437646
Week 5 logistic,2,3008,0,0.40299167328239055
Week 5 logistic,2,3018,1,0.34067713358264334
Week 5 logistic,2,3047,1,0.7054557739590033
Week 5 logistic,2,3049,1,0.671890428272601
Week 5 logistic,2,3067,1,0.7269545088730386
Week 5 logistic,2,3075,0,0.6793908456934373
Week 5 logistic,2,3092,0,0.5771147727667199
Week 5 logistic,2,3116,1,0.24593369328314296
Week 5 logistic,2,3117,0,0.5243419925940739
Week 5 logistic,2,3120,0,0.5110275026083438
Week 5 logistic,2,3134,1,0.6970140879855625
Week 5 logistic,2,3158,1,0.6400681891647715
Week 5 logistic,2,3176,0,0.3194266788949518
Week 5 logistic,2,3182,0,0.7111555967246838
Week 5 logistic,2,3184,1,0.5668254241421766
Week 5 logistic,2,3191,0,0.5567598955094418
Week 5 logistic,2,3192,1,0.2997256887169494
Week 5 logistic,2,3205,0,0.5310651809432649
Week 5 logistic,2,3220,0,0.5195085124340711
Week 5 logistic,2,3232,0,0.6922817348906138
Week 5 logistic,2,3244,0,0.689568591796854
Week 5 logistic,2,3262,1,0.6322337292712583
Week 5 logistic,2,3265,0,0.4369404909984055
Week 5 logistic,2,3267,0,0.562331858669543
Week 5 logistic,2,3279,1,0.7038704887457612
Week 5 logistic,2,3316,0,0.653273681149222
Week 5 logistic,2,3323,1,0.4134555426846127
Week 5 logistic,2,3330,1,0.22673808863822695
Week 5 logistic,2,3345,1,0.7542171440234889
Week 5 logistic,2,3346,1,0.5450499572165713
Week 5 logistic,2,3353,0,0.7061736223446635
Week 5 logistic,2,3361,0,0.5855940169155609
Week 5 logistic,2,3366,0,0.6000175845472704
Week 5 logistic,2,3374,1,0.6905839443409658
Week 5 logistic,2,3377,1,0.20714943870132582
Week 5 logistic,2,3387,1,0.6267623051893725
Week 5 logistic,2,3389,0,0.38727752916442476
Week 5 logistic,2,3408,0,0.17209416530757324
Week 5 logistic,2,3416,1,0.6710139069785194
Week 5 logistic,2,3422,0,0.5509625992992453
Week 5 logistic,2,3424,1,0.20726991998717634
Week 5 logistic,2,3435,0,0.2702588416540313
Week 5 logistic,2,3456,1,0.6864078383981274
Week 5 logistic,2,3489,0,0.5792374059080342
Week 5 logistic,2,3491,1,0.47274967293358344
Week 5 logistic,2,3493,0,0.7173068852525751
Week 5 logistic,2,3501,0,0.4313249067226403
Week 5 logistic,2,3511,1,0.27213570649694163
Week 5 logistic,2,3518,1,0.7667284006845214
Week 5 logistic,2,3549,0,0.2952513235842908
Week 5 logistic,2,3556,1,0.7253246044992135
Week 5 logistic,2,3572,0,0.7041200816722493
Week 5 logistic,2,3575,1,0.31713248199513905
Week 5 logistic,2,3576,1,0.7081302963669839
Week 5 logistic,2,3587,0,0.5331533047669863
Week 5 logistic,2,3588,1,0.6435435360805204
Week 5 logistic,2,3601,0,0.5935895323900737
Week 5 logistic,2,3607,1,0.5683479059627721
Week 5 logistic,2,3612,0,0.3721047370932764
Week 5 logistic,2,3633,0,0.682076749963428
Week 5 logistic,2,3639,0,0.42067980226451307
Week 5 logistic,2,3640,1,0.5966454337412131
Week 5 logistic,2,3646,0,0.43372283761945624
Week 5 logistic,2,3647,0,0.2582679145306184
Week 5 logistic,2,3654,0,0.08129838326705263
Week 5 logistic,2,3672,0,0.40824004118274426
Week 5 logistic,2,3679,1,0.7450038667765434
Week 5 logistic,2,3680,1,0.6598069851432937
Week 5 logistic,2,3683,0,0.25849953780566787
Week 5 logistic,2,3720,0,0.6322811541335781
Week 5 logistic,2,3721,0,0.50970772941619
Week 5 logistic,2,3722,1,0.5615520844923609
Week 5 logistic,2,3730,1,0.6248659177746395
Week 5 logistic,2,3738,1,0.7510332717483033
Week 5 logistic,2,3750,0,0.465340130358803
Week 5 logistic,2,3759,0,0.0927711359826444
Week 5 logistic,2,3763,1,0.5995963915304006
Week 5 logistic,2,3766,1,0.5916630969990385
Week 5 logistic,2,3793,1,0.45790215000728157
Week 5 logistic,2,3796,1,0.4635886815354087
Week 5 logistic,2,3812,1,0.6310688092919412
Week 5 logistic,2,3828,0,0.6564396844879243
Week 5 logistic,2,3833,1,0.6395557880759458
Week 5 logistic,2,3861,0,0.4349059585581685
Week 5 logistic,2,3869,0,0.5451462262977613
Week 5 logistic,2,3874,0,0.4121713952653592
Week 5 logistic,2,3875,1,0.2953435688920865
Week 5 logistic,2,3876,0,0.5319855514663816
Week 5 logistic,2,3906,1,0.6540560769732965
Week 5 logistic,2,3921,1,0.49216130982133777
Week 5 logistic,2,3924,0,0.4108149906859107
Week 5 logistic,2,3928,1,0.4252297665964117
Week 5 logistic,2,3930,0,0.52081248266676
Week 5 logistic,2,3938,1,0.739519791364397
Week 5 logistic,2,3945,1,0.5870724006222611
Week 5 logistic,2,3957,1,0.632748804908
Week 5 logistic,2,3976,1,0.7531942266793518
Week 5 logistic,2,3982,1,0.5937976462959275
Week 5 logistic,2,3983,1,0.7040493037932632
Week 5 logistic,2,4012,1,0.7894008973197484
Week 5 logistic,2,4019,0,0.45940071437577207
Week 5 logistic,2,4028,0,0.5417629120219787
Week 5 logistic,2,4036,1,0.6898770381581217
Week 5 logistic,2,4041,0,0.26988950408530976
Week 5 logistic,2,4062,1,0.5618712039432239
Week 5 logistic,2,4077,0,0.25605100446657014
Week 5 logistic,2,4120,1,0.721249353680775
Week 5 logistic,2,4132,0,0.5543563024360136
Week 5 logistic,2,4156,0,0.5684294626439323
Week 5 logistic,2,4164,1,0.7171728020386157
Week 5 logistic,2,4165,1,0.7698397250284048
Week 5 logistic,2,4169,1,0.6713664176613183
Week 5 logistic,2,4180,1,0.5787253889714415
Week 5 logistic,2,4192,1,0.7174982512416994
Week 5 logistic,2,4200,1,0.5539733344253356
Week 5 logistic,2,4213,0,0.6173117522490247
Week 5 logistic,2,4214,1,0.6751472315839888
Week 5 logistic,2,4227,0,0.688498784841011
Week 5 logistic,2,4258,0,0.256672053016681
Week 5 logistic,2,4278,1,0.7285470708885909
Week 5 logistic,2,4301,1,0.6378543914701594
Week 5 logistic,2,4304,0,0.5570244950999572
Week 5 logistic,2,4306,0,0.6712875884868823
Week 5 logistic,2,4320,0,0.5194414393456471
Week 5 logistic,2,4338,1,0.7056947925354147
Week 5 logistic,2,4358,1,0.6478623443936102
Week 5 logistic,2,4385,0,0.4907587467385604
Week 5 logistic,2,4399,0,0.6533210629648307
Week 5 logistic,2,4436,0,0.24322549185150605
Week 5 logistic,2,4442,1,0.4945904419899902
Week 5 logistic,2,4444,1,0.542277212095274
Week 5 logistic,2,4453,1,0.664636930937066
Week 5 logistic,2,4454,0,0.5851314823982116
Week 5 logistic,2,4456,0,0.24093244779681772
Week 5 logistic,2,4459,1,0.38207269016687123
Week 5 logistic,2,4469,0,0.7333093852013586
Week 5 logistic,2,4488,0,0.5313613899930814
Week 5 logistic,2,4492,0,0.7106484541501635
Week 5 logistic,2,4495,1,0.5552862839302356
Week 5 logistic,2,4500,1,0.6879993622785069
Week 5 logistic,2,4518,0,0.7365509203685192
Week 5 logistic,2,4521,1,0.5450536407195536
Week 5 logistic,2,4532,1,0.6802271706254037
Week 5 logistic,2,4540,0,0.19456700539238025
Week 5 logistic,2,4541,0,0.6660785408719841
Week 5 logistic,2,4543,1,0.4651058677877048
Week 5 logistic,2,4546,0,0.13809961304575372
Week 5 logistic,2,4554,0,0.39585374866801354
Week 5 logistic,2,4558,1,0.574168759312151
Week 5 logistic,2,4559,0,0.6296363721057779
Week 5 logistic,2,4567,1,0.5994886432895788
Week 5 logistic,2,4574,1,0.6491961596097421
Week 5 logistic,2,4585,0,0.3676655663244796
Week 5 logistic,2,4594,0,0.5801329679356069
Week 5 logistic,2,4599,1,0.8156398844446991
Week 5 logistic,2,4618,1,0.6151220482865053
Week 5 logistic,2,4620,1,0.3326852284690157
Week 5 logistic,2,4671,0,0.6612473471465954
Week 5 logistic,2,4678,1,0.6299850300608111
Week 5 logistic,2,4682,1,0.45422822210977964
Week 5 logistic,2,4729,1,0.6509967108085128
Week 5 logistic,2,4744,0,0.6673715636748504
Week 5 logistic,2,4759,0,0.5554065742313921
Week 5 logistic,2,4781,0,0.3788998541697594
Week 5 logistic,2,4804,1,0.6239353995302624
Week 5 logistic,2,4840,1,0.5968982699943942
Week 5 logistic,2,4855,0,0.5789029457071355
Week 5 logistic,2,4863,1,0.6716694454536534
Week 5 logistic,2,4869,0,0.5443984915027256
Week 5 logistic,2,4875,1,0.653040026776993
Week 5 logistic,2,4878,1,0.645493683107476
Week 5 logistic,2,4886,0,0.5801835587875257
Week 5 logistic,2,4901,1,0.4151407487773047
Week 5 logistic,2,4902,0,0.43500221773162734
Week 5 logistic,2,4903,0,0.6310347133984545
Week 5 logistic,2,4905,0,0.49779823630066167
Week 5 logistic,2,4909,1,0.40640935396030137
Week 5 logistic,2,4923,1,0.25588110663434754
Week 5 logistic,2,4927,0,0.39300338858889905
Week 5 logistic,2,4935,0,0.5089890252622953
Week 5 logistic,2,4937,1,0.15326519726046722
Week 5 logistic,2,4979,0,0.27230911852071843
Week 5 logistic,2,4990,1,0.5596016909784308
Week 5 logistic,2,4996,0,0.7848266362486409
Week 5 logistic,2,4998,0,0.6048825140465063
No-history logistic,2,2,1,0.579767262205444
No-history logistic,2,7,0,0.725246423716251
No-history logistic,2,13,0,0.663121031525333
No-history logistic,2,14,0,0.6289362280272938
No-history logistic,2,25,1,0.2792836992841525
No-history logistic,2,39,0,0.4994633455142928
No-history logistic,2,42,0,0.4846623908908401
No-history logistic,2,48,0,0.4011627338162765
No-history logistic,2,59,1,0.5800861904785344
No-history logistic,2,79,0,0.651650202284549
No-history logistic,2,84,1,0.6069617397829996
No-history logistic,2,85,1,0.3857534716968079
No-history logistic,2,97,1,0.5003912490824022
No-history logistic,2,107,1,0.6593272889276695
No-history logistic,2,121,0,0.6591249875449573
No-history logistic,2,155,1,0.6306630264591018
No-history logistic,2,161,1,0.17232907864759398
No-history logistic,2,190,1,0.5501949098538388
No-history logistic,2,203,1,0.6142324864592837
No-history logistic,2,214,0,0.6101678346253551
No-history logistic,2,222,1,0.7087922660128816
No-history logistic,2,224,0,0.5524625302383703
No-history logistic,2,235,1,0.5991253451056933
No-history logistic,2,236,0,0.6028417488728992
No-history logistic,2,244,0,0.6314027555334808
No-history logistic,2,254,0,0.5862915897123755
No-history logistic,2,259,0,0.4235395534036858
No-history logistic,2,282,0,0.7343552241870338
No-history logistic,2,310,0,0.6147791970648008
No-history logistic,2,311,0,0.6309173105608802
No-history logistic,2,315,0,0.5408416400414441
No-history logistic,2,340,1,0.4887274493600477
No-history logistic,2,371,1,0.6300981716705636
No-history logistic,2,394,0,0.518223111624758
No-history logistic,2,415,1,0.41717677933637354
No-history logistic,2,421,1,0.6769173869611499
No-history logistic,2,429,1,0.6554494554567661
No-history logistic,2,454,0,0.58648045079455
No-history logistic,2,457,1,0.4274402167054259
No-history logistic,2,460,1,0.6637652973137635
No-history logistic,2,467,0,0.47983672612847666
No-history logistic,2,478,0,0.26406258951923756
No-history logistic,2,489,0,0.6482020004320396
No-history logistic,2,493,0,0.4261845166765195
No-history logistic,2,501,0,0.4450396786897731
No-history logistic,2,511,1,0.7556344848879208
No-history logistic,2,534,1,0.2956421903002797
No-history logistic,2,547,0,0.17461218133200623
No-history logistic,2,549,1,0.7118583651440602
No-history logistic,2,568,0,0.42475935116094016
No-history logistic,2,586,0,0.41102316463973665
No-history logistic,2,599,1,0.5583019405626745
No-history logistic,2,600,0,0.48192575836262924
No-history logistic,2,614,1,0.5600051319800456
No-history logistic,2,615,0,0.562599566972829
No-history logistic,2,624,0,0.35247117220754093
No-history logistic,2,635,0,0.5336228809954513
No-history logistic,2,640,1,0.5953701232023344
No-history logistic,2,651,1,0.6431946357220365
No-history logistic,2,665,1,0.5422118190875215
No-history logistic,2,674,0,0.4947287708223576
No-history logistic,2,687,0,0.4099490956715986
No-history logistic,2,701,0,0.531944444318931
No-history logistic,2,710,0,0.45280989688440193
No-history logistic,2,726,1,0.5793375288833122
No-history logistic,2,730,1,0.6117053954397736
No-history logistic,2,735,1,0.5000572509682831
No-history logistic,2,766,0,0.4985548020742795
No-history logistic,2,770,0,0.4676599678054424
No-history logistic,2,781,0,0.3859958702317235
No-history logistic,2,787,1,0.5341964175625608
No-history logistic,2,812,0,0.4486174331787123
No-history logistic,2,818,0,0.46821798052654473
No-history logistic,2,821,1,0.6532904511061053
No-history logistic,2,823,1,0.3202825085020371
No-history logistic,2,824,1,0.5791921556998662
No-history logistic,2,826,0,0.3749012055303939
No-history logistic,2,849,0,0.22996001042943534
No-history logistic,2,858,1,0.49622406263001373
No-history logistic,2,865,0,0.6142378538995665
No-history logistic,2,874,0,0.6154160882756334
No-history logistic,2,879,0,0.09637560376054553
No-history logistic,2,885,0,0.6113784889217729
No-history logistic,2,891,0,0.5304983759583587
No-history logistic,2,931,1,0.5554762870625859
No-history logistic,2,933,0,0.4412873212864193
No-history logistic,2,940,0,0.45152202676773867
No-history logistic,2,952,0,0.35061982344667686
No-history logistic,2,965,0,0.3094110700756939
No-history logistic,2,981,1,0.5698819847156313
No-history logistic,2,984,0,0.3498429895965378
No-history logistic,2,985,1,0.7256465920978284
No-history logistic,2,995,0,0.48356633875615057
No-history logistic,2,1001,1,0.7026023647962906
No-history logistic,2,1032,1,0.6786216433930258
No-history logistic,2,1040,0,0.4727591948153205
No-history logistic,2,1044,0,0.49571850739279044
No-history logistic,2,1061,1,0.5826429324634649
No-history logistic,2,1067,1,0.4371913792141119
No-history logistic,2,1070,0,0.3315432940044917
No-history logistic,2,1088,1,0.5260500390865185
No-history logistic,2,1097,0,0.6493729382926398
No-history logistic,2,1117,1,0.41823279191433366
No-history logistic,2,1118,0,0.4803023996180246
No-history logistic,2,1129,0,0.5250540712472905
No-history logistic,2,1131,1,0.6221558122127018
No-history logistic,2,1160,0,0.5002363432349114
No-history logistic,2,1170,0,0.5217602588260629
No-history logistic,2,1171,1,0.4768438352107292
No-history logistic,2,1180,0,0.43317119964768563
No-history logistic,2,1195,0,0.5033553655965879
No-history logistic,2,1196,1,0.5961908604472288
No-history logistic,2,1199,1,0.33359780955106416
No-history logistic,2,1207,1,0.5898157681470151
No-history logistic,2,1210,0,0.22125603533284932
No-history logistic,2,1220,1,0.47487247935584864
No-history logistic,2,1223,0,0.4381383632524591
No-history logistic,2,1231,0,0.5882084123992375
No-history logistic,2,1254,1,0.375593277267981
No-history logistic,2,1273,1,0.7504981491100602
No-history logistic,2,1276,0,0.2492496218743489
No-history logistic,2,1297,1,0.6426193275929399
No-history logistic,2,1304,0,0.474768170318257
No-history logistic,2,1305,0,0.4934146813401244
No-history logistic,2,1316,1,0.6589767162070413
No-history logistic,2,1328,0,0.22940693677579937
No-history logistic,2,1331,1,0.6000083594674716
No-history logistic,2,1336,1,0.5495253237448253
No-history logistic,2,1347,1,0.7267194450970593
No-history logistic,2,1369,0,0.24373000731040917
No-history logistic,2,1395,1,0.28558562892179745
No-history logistic,2,1396,1,0.5089371082111366
No-history logistic,2,1397,1,0.33211775773071206
No-history logistic,2,1414,0,0.43881687384759704
No-history logistic,2,1416,1,0.4353948279017233
No-history logistic,2,1422,1,0.3621076889952002
No-history logistic,2,1423,1,0.5906496358063801
No-history logistic,2,1426,0,0.6564882898230918
No-history logistic,2,1437,1,0.4149529822636948
No-history logistic,2,1466,0,0.48600630341452555
No-history logistic,2,1524,0,0.5191877948597899
No-history logistic,2,1539,0,0.3829087637794065
No-history logistic,2,1546,1,0.5836494778701847
No-history logistic,2,1553,0,0.5665795777691517
No-history logistic,2,1567,1,0.3076427324429266
No-history logistic,2,1594,1,0.6341392740208466
No-history logistic,2,1596,0,0.6619917862248385
No-history logistic,2,1601,1,0.6374522578933959
No-history logistic,2,1612,1,0.7276123833685969
No-history logistic,2,1637,0,0.259716248274805
No-history logistic,2,1647,1,0.6432650805643776
No-history logistic,2,1660,0,0.2589210691777908
No-history logistic,2,1667,0,0.3914519189968003
No-history logistic,2,1674,1,0.6242190994963718
No-history logistic,2,1692,1,0.6550130959484176
No-history logistic,2,1695,0,0.5597260264733209
No-history logistic,2,1702,0,0.5853532393436252
No-history logistic,2,1716,1,0.5515983609592594
No-history logistic,2,1722,1,0.3639654094421637
No-history logistic,2,1732,0,0.5543848604807674
No-history logistic,2,1741,1,0.712035814123847
No-history logistic,2,1749,1,0.6228471578529441
No-history logistic,2,1752,1,0.6091159339165425
No-history logistic,2,1757,1,0.506710798936298
No-history logistic,2,1774,0,0.730779936748658
No-history logistic,2,1779,0,0.38273610386405277
No-history logistic,2,1811,1,0.6533906910851297
No-history logistic,2,1812,0,0.502233333463133
No-history logistic,2,1828,0,0.4757564589571381
No-history logistic,2,1859,1,0.6193647964641796
No-history logistic,2,1860,1,0.5802704073559491
No-history logistic,2,1878,1,0.5024448894735071
No-history logistic,2,1884,0,0.21380238404134613
No-history logistic,2,1893,0,0.630481233233437
No-history logistic,2,1898,1,0.7165327645794669
No-history logistic,2,1902,1,0.6489919922987384
No-history logistic,2,1951,1,0.47943923944234984
No-history logistic,2,1958,1,0.44968100846661374
No-history logistic,2,1965,0,0.6687557155902623
No-history logistic,2,1972,1,0.3702728192926859
No-history logistic,2,1981,0,0.5285036902195714
No-history logistic,2,1993,1,0.6510957571386492
No-history logistic,2,2014,1,0.4646306519616874
No-history logistic,2,2017,1,0.5760517377421296
No-history logistic,2,2018,1,0.476410521792278
No-history logistic,2,2022,1,0.5371171448435518
No-history logistic,2,2026,0,0.4329900249946078
No-history logistic,2,2033,1,0.5995311258115554
No-history logistic,2,2036,0,0.36033812408691035
No-history logistic,2,2043,1,0.7188230991341958
No-history logistic,2,2048,1,0.616275607479888
No-history logistic,2,2049,0,0.5229518626387105
No-history logistic,2,2054,1,0.6723219721756131
No-history logistic,2,2057,0,0.7962191540438248
No-history logistic,2,2061,0,0.17384525383097332
No-history logistic,2,2064,0,0.19022168287616048
No-history logistic,2,2071,1,0.6555931133708206
No-history logistic,2,2074,1,0.5465843429745075
No-history logistic,2,2083,1,0.602555368306793
No-history logistic,2,2087,0,0.5069629478613333
No-history logistic,2,2101,1,0.5919982645054782
No-history logistic,2,2111,1,0.593949796835304
No-history logistic,2,2119,0,0.6057216341651466
No-history logistic,2,2127,1,0.4983942589953007
No-history logistic,2,2135,1,0.5437255497083004
No-history logistic,2,2143,1,0.2940595883410067
No-history logistic,2,2154,1,0.5390302010754949
No-history logistic,2,2171,1,0.5997813331620833
No-history logistic,2,2178,0,0.47066528889612086
No-history logistic,2,2180,0,0.606311550393877
No-history logistic,2,2182,0,0.21316492711275137
No-history logistic,2,2183,0,0.4623874703838072
No-history logistic,2,2184,0,0.3721655538021134
No-history logistic,2,2189,0,0.17306264835753296
No-history logistic,2,2194,1,0.6040650507909635
No-history logistic,2,2210,1,0.6095769517887231
No-history logistic,2,2230,0,0.4990909862922914
No-history logistic,2,2241,1,0.5264810232698648
No-history logistic,2,2244,0,0.6265523171062756
No-history logistic,2,2246,0,0.3430226316831228
No-history logistic,2,2255,1,0.6533624630698424
No-history logistic,2,2257,0,0.5808770803698552
No-history logistic,2,2279,1,0.5849896545449195
No-history logistic,2,2351,0,0.620619227879584
No-history logistic,2,2360,1,0.20177394883736777
No-history logistic,2,2364,0,0.6718748842491021
No-history logistic,2,2379,0,0.45461221150505093
No-history logistic,2,2392,0,0.3992713909276722
No-history logistic,2,2395,1,0.19178506619907976
No-history logistic,2,2407,0,0.6349020557346389
No-history logistic,2,2413,1,0.4365597881950679
No-history logistic,2,2421,1,0.6251626781989725
No-history logistic,2,2428,1,0.7387984205819595
No-history logistic,2,2437,1,0.6181589595960253
No-history logistic,2,2447,1,0.5149269321087008
No-history logistic,2,2467,0,0.6219090793335338
No-history logistic,2,2480,1,0.5792023026232872
No-history logistic,2,2493,1,0.39690758875058696
No-history logistic,2,2500,1,0.674295487073937
No-history logistic,2,2529,1,0.39027670353701716
No-history logistic,2,2550,0,0.47729399211718515
No-history logistic,2,2562,1,0.5468948769076908
No-history logistic,2,2567,0,0.36559655726027973
No-history logistic,2,2615,1,0.6137691812470011
No-history logistic,2,2618,1,0.44405595993743824
No-history logistic,2,2631,1,0.5405528580153792
No-history logistic,2,2637,1,0.6868645840755903
No-history logistic,2,2658,1,0.6443379225194477
No-history logistic,2,2688,0,0.17105171825714535
No-history logistic,2,2717,1,0.5812140530310068
No-history logistic,2,2720,0,0.10539660851105895
No-history logistic,2,2721,1,0.579934679631502
No-history logistic,2,2728,0,0.4105634326371908
No-history logistic,2,2752,1,0.34519662502746373
No-history logistic,2,2753,1,0.0810250043960812
No-history logistic,2,2757,0,0.1293939337447783
No-history logistic,2,2770,1,0.5431309850030104
No-history logistic,2,2773,1,0.6627283664672987
No-history logistic,2,2782,0,0.658362723537713
No-history logistic,2,2798,0,0.5768436505937813
No-history logistic,2,2816,0,0.5047947531568052
No-history logistic,2,2819,0,0.640434927995578
No-history logistic,2,2828,0,0.5411320634625071
No-history logistic,2,2854,0,0.6125276883548838
No-history logistic,2,2856,1,0.40512564610262897
No-history logistic,2,2876,0,0.544193963359213
No-history logistic,2,2896,1,0.5882440490624543
No-history logistic,2,2904,1,0.6199454594199296
No-history logistic,2,2929,0,0.5466675266561152
No-history logistic,2,2931,0,0.31812797203979326
No-history logistic,2,2940,0,0.5572641269947507
No-history logistic,2,2969,0,0.5262456992454136
No-history logistic,2,2970,0,0.3402377779150342
No-history logistic,2,2980,1,0.6358088721928257
No-history logistic,2,2984,1,0.703854882996722
No-history logistic,2,2985,0,0.2666213660224715
No-history logistic,2,2986,1,0.6055798085189733
No-history logistic,2,2991,1,0.0978977818723032
No-history logistic,2,2995,0,0.5826608319464683
No-history logistic,2,2999,0,0.4427138142100981
No-history logistic,2,3001,0,0.6071559433354761
No-history logistic,2,3004,0,0.6496707729668939
No-history logistic,2,3008,0,0.4244744296463308
No-history logistic,2,3018,1,0.3959122294725177
No-history logistic,2,3047,1,0.5728548925430728
No-history logistic,2,3049,1,0.6347459967032569
No-history logistic,2,3067,1,0.6836842867269503
No-history logistic,2,3075,0,0.6874916840922211
No-history logistic,2,3092,0,0.615832244924596
No-history logistic,2,3116,1,0.2970206489572791
No-history logistic,2,3117,0,0.6018805309010798
No-history logistic,2,3120,0,0.5583485973693864
No-history logistic,2,3134,1,0.665412896298653
No-history logistic,2,3158,1,0.6827865515524107
No-history logistic,2,3176,0,0.37866999577914423
No-history logistic,2,3182,0,0.7051383758472776
No-history logistic,2,3184,1,0.6359010341912333
No-history logistic,2,3191,0,0.4462634195027339
No-history logistic,2,3192,1,0.3759187271851048
No-history logistic,2,3205,0,0.5810358766224534
No-history logistic,2,3220,0,0.4254103472692714
No-history logistic,2,3232,0,0.6473166703583931
No-history logistic,2,3244,0,0.5972860362963075
No-history logistic,2,3262,1,0.58838942435371
No-history logistic,2,3265,0,0.4992259114195437
No-history logistic,2,3267,0,0.6169749893276375
No-history logistic,2,3279,1,0.6286174920323663
No-history logistic,2,3316,0,0.6125132294308427
No-history logistic,2,3323,1,0.49690559094678
No-history logistic,2,3330,1,0.23139672249641968
No-history logistic,2,3345,1,0.6659575015005882
No-history logistic,2,3346,1,0.4578390488085379
No-history logistic,2,3353,0,0.649141379029428
No-history logistic,2,3361,0,0.6599595332614461
No-history logistic,2,3366,0,0.4879561177992907
No-history logistic,2,3374,1,0.6077482149949713
No-history logistic,2,3377,1,0.24955994111475635
No-history logistic,2,3387,1,0.6769260186606157
No-history logistic,2,3389,0,0.46446593668401115
No-history logistic,2,3408,0,0.22537891625252923
No-history logistic,2,3416,1,0.663482955417663
No-history logistic,2,3422,0,0.4529589172582922
No-history logistic,2,3424,1,0.24018655307259515
No-history logistic,2,3435,0,0.25295298106725667
No-history logistic,2,3456,1,0.6346418307290674
No-history logistic,2,3489,0,0.5414071410409352
No-history logistic,2,3491,1,0.44084611348577085
No-history logistic,2,3493,0,0.6790190925964128
No-history logistic,2,3501,0,0.4415906349775476
No-history logistic,2,3511,1,0.30181711825030894
No-history logistic,2,3518,1,0.7479822552671751
No-history logistic,2,3549,0,0.37055653090746693
No-history logistic,2,3556,1,0.6893400739621014
No-history logistic,2,3572,0,0.711195950973671
No-history logistic,2,3575,1,0.35505753025912457
No-history logistic,2,3576,1,0.5932187104051093
No-history logistic,2,3587,0,0.5866871596141561
No-history logistic,2,3588,1,0.6062952771382346
No-history logistic,2,3601,0,0.46653118935405047
No-history logistic,2,3607,1,0.5197212100898722
No-history logistic,2,3612,0,0.43229944123137265
No-history logistic,2,3633,0,0.6372823956270098
No-history logistic,2,3639,0,0.5062206857079129
No-history logistic,2,3640,1,0.5522459595255781
No-history logistic,2,3646,0,0.5490191459126622
No-history logistic,2,3647,0,0.26955503455756313
No-history logistic,2,3654,0,0.1306054639382651
No-history logistic,2,3672,0,0.44278402091301083
No-history logistic,2,3679,1,0.6609481218475972
No-history logistic,2,3680,1,0.617516428211761
No-history logistic,2,3683,0,0.3121728960698618
No-history logistic,2,3720,0,0.6601462761516722
No-history logistic,2,3721,0,0.41788295900747446
No-history logistic,2,3722,1,0.5788932396784109
No-history logistic,2,3730,1,0.6529123915744178
No-history logistic,2,3738,1,0.7134996335819005
No-history logistic,2,3750,0,0.416929791251442
No-history logistic,2,3759,0,0.11776562252429065
No-history logistic,2,3763,1,0.5113583425342507
No-history logistic,2,3766,1,0.5253088076510557
No-history logistic,2,3793,1,0.4051467036664619
No-history logistic,2,3796,1,0.5229603413408638
No-history logistic,2,3812,1,0.587597051269259
No-history logistic,2,3828,0,0.6435473431508394
No-history logistic,2,3833,1,0.5513479759810397
No-history logistic,2,3861,0,0.44547367444058666
No-history logistic,2,3869,0,0.5788201580606904
No-history logistic,2,3874,0,0.49808031430649136
No-history logistic,2,3875,1,0.37126272290940676
No-history logistic,2,3876,0,0.4064738292808715
No-history logistic,2,3906,1,0.6664407294206928
No-history logistic,2,3921,1,0.4579001163546061
No-history logistic,2,3924,0,0.47473987012030444
No-history logistic,2,3928,1,0.5402166153713682
No-history logistic,2,3930,0,0.6044395963898955
No-history logistic,2,3938,1,0.7521128905614665
No-history logistic,2,3945,1,0.6190888401113526
No-history logistic,2,3957,1,0.6850923316420466
No-history logistic,2,3976,1,0.6756736345771951
No-history logistic,2,3982,1,0.6038383845130523
No-history logistic,2,3983,1,0.6522737419051672
No-history logistic,2,4012,1,0.6506134638397806
No-history logistic,2,4019,0,0.4937245623625922
No-history logistic,2,4028,0,0.5999293270746521
No-history logistic,2,4036,1,0.5902236589058757
No-history logistic,2,4041,0,0.3476115672108189
No-history logistic,2,4062,1,0.6335758359924014
No-history logistic,2,4077,0,0.2927731255568487
No-history logistic,2,4120,1,0.6242955975929502
No-history logistic,2,4132,0,0.6323044063763276
No-history logistic,2,4156,0,0.6005533763956648
No-history logistic,2,4164,1,0.6771223503581755
No-history logistic,2,4165,1,0.6987563746684022
No-history logistic,2,4169,1,0.6383406029375727
No-history logistic,2,4180,1,0.5902571129488827
No-history logistic,2,4192,1,0.6419923878410746
No-history logistic,2,4200,1,0.5125100727935117
No-history logistic,2,4213,0,0.6304719522489369
No-history logistic,2,4214,1,0.6346090041476965
No-history logistic,2,4227,0,0.5665498510268273
No-history logistic,2,4258,0,0.30875234754229175
No-history logistic,2,4278,1,0.6390798387018958
No-history logistic,2,4301,1,0.602167478583558
No-history logistic,2,4304,0,0.5416457777365539
No-history logistic,2,4306,0,0.6286901167085379
No-history logistic,2,4320,0,0.4900570554708251
No-history logistic,2,4338,1,0.614871583070657
No-history logistic,2,4358,1,0.6570786201156061
No-history logistic,2,4385,0,0.5480161233902938
No-history logistic,2,4399,0,0.5650640429955455
No-history logistic,2,4436,0,0.24721257053752746
No-history logistic,2,4442,1,0.5703183525041874
No-history logistic,2,4444,1,0.5707026829124489
No-history logistic,2,4453,1,0.6147679616469711
No-history logistic,2,4454,0,0.4978871190218
No-history logistic,2,4456,0,0.2766796032830691
No-history logistic,2,4459,1,0.46595310737663914
No-history logistic,2,4469,0,0.6241060337471505
No-history logistic,2,4488,0,0.5602566723142525
No-history logistic,2,4492,0,0.6173041894357623
No-history logistic,2,4495,1,0.62573709576839
No-history logistic,2,4500,1,0.6447201283669295
No-history logistic,2,4518,0,0.6644342293846325
No-history logistic,2,4521,1,0.5986826686481392
No-history logistic,2,4532,1,0.6450598689699346
No-history logistic,2,4540,0,0.17801522138824907
No-history logistic,2,4541,0,0.6828816532989529
No-history logistic,2,4543,1,0.485829477028243
No-history logistic,2,4546,0,0.15151532517830751
No-history logistic,2,4554,0,0.4723178982615527
No-history logistic,2,4558,1,0.5637613724868515
No-history logistic,2,4559,0,0.5907111597934865
No-history logistic,2,4567,1,0.5465472317546541
No-history logistic,2,4574,1,0.604548006165386
No-history logistic,2,4585,0,0.48384548175971437
No-history logistic,2,4594,0,0.567420722555761
No-history logistic,2,4599,1,0.7907269830413811
No-history logistic,2,4618,1,0.48681404867173983
No-history logistic,2,4620,1,0.36536131316647663
No-history logistic,2,4671,0,0.713830313320528
No-history logistic,2,4678,1,0.6827811332079944
No-history logistic,2,4682,1,0.5116636385928525
No-history logistic,2,4729,1,0.6028954887870878
No-history logistic,2,4744,0,0.5905320503915583
No-history logistic,2,4759,0,0.5204584841457518
No-history logistic,2,4781,0,0.3716066770175789
No-history logistic,2,4804,1,0.6495729408226794
No-history logistic,2,4840,1,0.6417832891656631
No-history logistic,2,4855,0,0.5368191048545358
No-history logistic,2,4863,1,0.59677239761826
No-history logistic,2,4869,0,0.5726016208789152
No-history logistic,2,4875,1,0.5564776679554676
No-history logistic,2,4878,1,0.6029602932202863
No-history logistic,2,4886,0,0.5985364844422377
No-history logistic,2,4901,1,0.45227230671866536
No-history logistic,2,4902,0,0.47099627832503144
No-history logistic,2,4903,0,0.5835072527632472
No-history logistic,2,4905,0,0.5150896781848963
No-history logistic,2,4909,1,0.46994569299926336
No-history logistic,2,4923,1,0.3248677925528073
No-history logistic,2,4927,0,0.43202792908939436
No-history logistic,2,4935,0,0.46964158464183287
No-history logistic,2,4937,1,0.17995249019963455
No-history logistic,2,4979,0,0.28166906260760827
No-history logistic,2,4990,1,0.4615340917372794
No-history logistic,2,4996,0,0.70829413100446
No-history logistic,2,4998,0,0.5676336213546883
Random forest,2,2,1,0.6789962720133341
Random forest,2,7,0,0.7215196029421574
Random forest,2,13,0,0.7321671993853893
Random forest,2,14,0,0.6005350633815276
Random forest,2,25,1,0.2178548679794317
Random forest,2,39,0,0.34967376631107444
Random forest,2,42,0,0.4940184874902218
Random forest,2,48,0,0.33253149223950484
Random forest,2,59,1,0.4263806681972833
Random forest,2,79,0,0.5667100755986566
Random forest,2,84,1,0.6230561863015426
Random forest,2,85,1,0.4424620552104622
Random forest,2,97,1,0.43467729854535314
Random forest,2,107,1,0.6967126520555287
Random forest,2,121,0,0.5919736445315015
Random forest,2,155,1,0.6189970473192552
Random forest,2,161,1,0.4154195119487662
Random forest,2,190,1,0.5463181428038957
Random forest,2,203,1,0.5750758876618939
Random forest,2,214,0,0.6562932931237213
Random forest,2,222,1,0.7726618328307869
Random forest,2,224,0,0.551739485411832
Random forest,2,235,1,0.801348929926594
Random forest,2,236,0,0.582915772564761
Random forest,2,244,0,0.7110858154368949
Random forest,2,254,0,0.6442639146780916
Random forest,2,259,0,0.20541608031098796
Random forest,2,282,0,0.697965495027809
Random forest,2,310,0,0.6686793999323711
Random forest,2,311,0,0.5921168743136396
Random forest,2,315,0,0.5329508149335765
Random forest,2,340,1,0.33476863196638285
Random forest,2,371,1,0.6743018245533925
Random forest,2,394,0,0.5250437406975538
Random forest,2,415,1,0.24906052348363641
Random forest,2,421,1,0.7117121644007669
Random forest,2,429,1,0.7604006608728572
Random forest,2,454,0,0.6944917942175333
Random forest,2,457,1,0.30203258306365033
Random forest,2,460,1,0.7164485637406288
Random forest,2,467,0,0.2922328063396778
Random forest,2,478,0,0.28552734135981844
Random forest,2,489,0,0.65783888143258
Random forest,2,493,0,0.2434435262448839
Random forest,2,501,0,0.45536192140412973
Random forest,2,511,1,0.6680366778526055
Random forest,2,534,1,0.2786473300389988
Random forest,2,547,0,0.1877277758366276
Random forest,2,549,1,0.6893350939465681
Random forest,2,568,0,0.33014879139599174
Random forest,2,586,0,0.36353460813041244
Random forest,2,599,1,0.4877155613622703
Random forest,2,600,0,0.3919090840940257
Random forest,2,614,1,0.4394455699198195
Random forest,2,615,0,0.5083298068871049
Random forest,2,624,0,0.20133166294042154
Random forest,2,635,0,0.49981890814681684
Random forest,2,640,1,0.5883157331368419
Random forest,2,651,1,0.5522427783520325
Random forest,2,665,1,0.5509154131212493
Random forest,2,674,0,0.42050777975259657
Random forest,2,687,0,0.32182240839598797
Random forest,2,701,0,0.4369904016264111
Random forest,2,710,0,0.468026465412119
Random forest,2,726,1,0.5906324241344213
Random forest,2,730,1,0.6250100819876279
Random forest,2,735,1,0.5371135304438444
Random forest,2,766,0,0.3954397893345116
Random forest,2,770,0,0.3927698498528527
Random forest,2,781,0,0.29135842970430814
Random forest,2,787,1,0.5201754809331693
Random forest,2,812,0,0.4046892055726606
Random forest,2,818,0,0.29443847060613315
Random forest,2,821,1,0.595536870931909
Random forest,2,823,1,0.18970318763320157
Random forest,2,824,1,0.5755662696934474
Random forest,2,826,0,0.2372624646537185
Random forest,2,849,0,0.27395086310758066
Random forest,2,858,1,0.6554972190130346
Random forest,2,865,0,0.5353127432009555
Random forest,2,874,0,0.6032729491376985
Random forest,2,879,0,0.27547319727804875
Random forest,2,885,0,0.6348727840867996
Random forest,2,891,0,0.5479519661292517
Random forest,2,931,1,0.4839837173056483
Random forest,2,933,0,0.4540393698286797
Random forest,2,940,0,0.34900587454888865
Random forest,2,952,0,0.15214322962057658
Random forest,2,965,0,0.22835980511495638
Random forest,2,981,1,0.5489139537030171
Random forest,2,984,0,0.16877226322230615
Random forest,2,985,1,0.655512380455977
Random forest,2,995,0,0.3503391538276872
Random forest,2,1001,1,0.6880628760045007
Random forest,2,1032,1,0.6834038593557342
Random forest,2,1040,0,0.43315379936387577
Random forest,2,1044,0,0.5647176559047778
Random forest,2,1061,1,0.6307320932078424
Random forest,2,1067,1,0.4161921706567612
Random forest,2,1070,0,0.3968100320399946
Random forest,2,1088,1,0.5203149150428421
Random forest,2,1097,0,0.8095480282751362
Random forest,2,1117,1,0.3117283148660544
Random forest,2,1118,0,0.37572845240614156
Random forest,2,1129,0,0.5347578682899632
Random forest,2,1131,1,0.5946616502267531
Random forest,2,1160,0,0.4994366518295051
Random forest,2,1170,0,0.4041918815602336
Random forest,2,1171,1,0.48704465732523183
Random forest,2,1180,0,0.32500522590889347
Random forest,2,1195,0,0.5325725307092177
Random forest,2,1196,1,0.47912152095096794
Random forest,2,1199,1,0.23146189883370394
Random forest,2,1207,1,0.5981022294106547
Random forest,2,1210,0,0.17878168008983442
Random forest,2,1220,1,0.3321449939478805
Random forest,2,1223,0,0.3258238796238777
Random forest,2,1231,0,0.5920004710187386
Random forest,2,1254,1,0.32188484542400336
Random forest,2,1273,1,0.7469398265692
Random forest,2,1276,0,0.1703541663933463
Random forest,2,1297,1,0.6708156691117039
Random forest,2,1304,0,0.4829287514514257
Random forest,2,1305,0,0.308082138927787
Random forest,2,1316,1,0.4911909664869175
Random forest,2,1328,0,0.2394816436672052
Random forest,2,1331,1,0.6331719821604593
Random forest,2,1336,1,0.5146936799508268
Random forest,2,1347,1,0.7444505801056525
Random forest,2,1369,0,0.44228551279653705
Random forest,2,1395,1,0.42476446978847315
Random forest,2,1396,1,0.530090950284545
Random forest,2,1397,1,0.16968185976585454
Random forest,2,1414,0,0.3390441590799103
Random forest,2,1416,1,0.33887949104380816
Random forest,2,1422,1,0.4430310325138642
Random forest,2,1423,1,0.5250845183440505
Random forest,2,1426,0,0.761874243661317
Random forest,2,1437,1,0.4207943872784612
Random forest,2,1466,0,0.3637089040360644
Random forest,2,1524,0,0.5253933265682703
Random forest,2,1539,0,0.30136175833990686
Random forest,2,1546,1,0.6010477917577611
Random forest,2,1553,0,0.49283209148186513
Random forest,2,1567,1,0.1828125412156258
Random forest,2,1594,1,0.7558782417579714
Random forest,2,1596,0,0.695350903482036
Random forest,2,1601,1,0.7207743045630762
Random forest,2,1612,1,0.793918330188656
Random forest,2,1637,0,0.23328820237823655
Random forest,2,1647,1,0.5540940628126461
Random forest,2,1660,0,0.4058679749336149
Random forest,2,1667,0,0.25465569019067025
Random forest,2,1674,1,0.5502655735058455
Random forest,2,1692,1,0.7449233375833821
Random forest,2,1695,0,0.5830109783162026
Random forest,2,1702,0,0.5407241266842879
Random forest,2,1716,1,0.4642902294649307
Random forest,2,1722,1,0.3382572979327857
Random forest,2,1732,0,0.5247516368090716
Random forest,2,1741,1,0.8059080815631424
Random forest,2,1749,1,0.6470259382646999
Random forest,2,1752,1,0.5655508036626327
Random forest,2,1757,1,0.3455007023780219
Random forest,2,1774,0,0.7583320386710843
Random forest,2,1779,0,0.44184838204545396
Random forest,2,1811,1,0.6728913977389668
Random forest,2,1812,0,0.49374774287428524
Random forest,2,1828,0,0.3632536297917919
Random forest,2,1859,1,0.5807920543019598
Random forest,2,1860,1,0.47008591060886934
Random forest,2,1878,1,0.5327101897935947
Random forest,2,1884,0,0.3480704415490405
Random forest,2,1893,0,0.6218502504000898
Random forest,2,1898,1,0.8302095872029263
Random forest,2,1902,1,0.584480934497991
Random forest,2,1951,1,0.5640729673941658
Random forest,2,1958,1,0.5700522681104316
Random forest,2,1965,0,0.8041951090095572
Random forest,2,1972,1,0.2987399982672139
Random forest,2,1981,0,0.44126018938556477
Random forest,2,1993,1,0.6860609694919683
Random forest,2,2014,1,0.33476623703350855
Random forest,2,2017,1,0.7343160355572484
Random forest,2,2018,1,0.3370088253000179
Random forest,2,2022,1,0.584653801402691
Random forest,2,2026,0,0.3709208485570015
Random forest,2,2033,1,0.44741358628137606
Random forest,2,2036,0,0.23925427839337987
Random forest,2,2043,1,0.7055701348528453
Random forest,2,2048,1,0.5237171194686102
Random forest,2,2049,0,0.5775187100096724
Random forest,2,2054,1,0.8004923242610097
Random forest,2,2057,0,0.7420046582700541
Random forest,2,2061,0,0.32959384179520124
Random forest,2,2064,0,0.4053627548494479
Random forest,2,2071,1,0.8634685555265839
Random forest,2,2074,1,0.5315325233906534
Random forest,2,2083,1,0.5038549117967854
Random forest,2,2087,0,0.3130455198603093
Random forest,2,2101,1,0.6777829270905184
Random forest,2,2111,1,0.5378890320139985
Random forest,2,2119,0,0.5861748539080945
Random forest,2,2127,1,0.5626005635320391
Random forest,2,2135,1,0.5704273696550062
Random forest,2,2143,1,0.3926119296005457
Random forest,2,2154,1,0.3557250737510239
Random forest,2,2171,1,0.7964231262089981
Random forest,2,2178,0,0.47311719559050885
Random forest,2,2180,0,0.4250584560222049
Random forest,2,2182,0,0.3613867604126646
Random forest,2,2183,0,0.4869318740247908
Random forest,2,2184,0,0.36016322744508966
Random forest,2,2189,0,0.15847604917430944
Random forest,2,2194,1,0.5577207860775278
Random forest,2,2210,1,0.646983523981937
Random forest,2,2230,0,0.4953824016772178
Random forest,2,2241,1,0.5848319196138673
Random forest,2,2244,0,0.5301196472097056
Random forest,2,2246,0,0.4063403152717695
Random forest,2,2255,1,0.5529909845008065
Random forest,2,2257,0,0.6330596241545383
Random forest,2,2279,1,0.5759849693659254
Random forest,2,2351,0,0.7078567478559772
Random forest,2,2360,1,0.4255145126374763
Random forest,2,2364,0,0.875866437212995
Random forest,2,2379,0,0.30962195826715155
Random forest,2,2392,0,0.42135294384333677
Random forest,2,2395,1,0.2578700176934007
Random forest,2,2407,0,0.4405828274820614
Random forest,2,2413,1,0.29002495735255884
Random forest,2,2421,1,0.7191167927010828
Random forest,2,2428,1,0.885856990680932
Random forest,2,2437,1,0.7010392788988946
Random forest,2,2447,1,0.4620483233082037
Random forest,2,2467,0,0.5280601690606589
Random forest,2,2480,1,0.7181151200611327
Random forest,2,2493,1,0.366546673548727
Random forest,2,2500,1,0.6511846030341424
Random forest,2,2529,1,0.4200592072368945
Random forest,2,2550,0,0.44479569673258523
Random forest,2,2562,1,0.5004356690974354
Random forest,2,2567,0,0.45697366664741806
Random forest,2,2615,1,0.6817910656791853
Random forest,2,2618,1,0.4838202712931452
Random forest,2,2631,1,0.6354576139765442
Random forest,2,2637,1,0.7196239014140804
Random forest,2,2658,1,0.6140660869350213
Random forest,2,2688,0,0.35375716429519033
Random forest,2,2717,1,0.689218703059847
Random forest,2,2720,0,0.14685265863124689
Random forest,2,2721,1,0.4811997320384216
Random forest,2,2728,0,0.3127537692428995
Random forest,2,2752,1,0.3038379617033191
Random forest,2,2753,1,0.18155562866772854
Random forest,2,2757,0,0.13990554957507773
Random forest,2,2770,1,0.40390811995927856
Random forest,2,2773,1,0.6716450594204899
Random forest,2,2782,0,0.6310124602196155
Random forest,2,2798,0,0.5477066925656269
Random forest,2,2816,0,0.5022570295141097
Random forest,2,2819,0,0.7496862965423818
Random forest,2,2828,0,0.4570259729894326
Random forest,2,2854,0,0.5761112409133894
Random forest,2,2856,1,0.3095876330552782
Random forest,2,2876,0,0.41293907102803784
Random forest,2,2896,1,0.6813747523436194
Random forest,2,2904,1,0.7327730276650862
Random forest,2,2929,0,0.535545617521799
Random forest,2,2931,0,0.46387082053818846
Random forest,2,2940,0,0.5870615914229287
Random forest,2,2969,0,0.5389936698823888
Random forest,2,2970,0,0.20713469406525487
Random forest,2,2980,1,0.6826045254957692
Random forest,2,2984,1,0.7413996455279792
Random forest,2,2985,0,0.34403038288458737
Random forest,2,2986,1,0.6393646009604658
Random forest,2,2991,1,0.37977727156248625
Random forest,2,2995,0,0.4122461244088334
Random forest,2,2999,0,0.3273638807527594
Random forest,2,3001,0,0.5918415038919018
Random forest,2,3004,0,0.6539470842218011
Random forest,2,3008,0,0.31533122744549946
Random forest,2,3018,1,0.2079175101926653
Random forest,2,3047,1,0.7468521950074894
Random forest,2,3049,1,0.6039818076778807
Random forest,2,3067,1,0.608989999224617
Random forest,2,3075,0,0.6658567900678762
Random forest,2,3092,0,0.6805074529179399
Random forest,2,3116,1,0.2210445958206553
Random forest,2,3117,0,0.47282351342139345
Random forest,2,3120,0,0.4568724447828336
Random forest,2,3134,1,0.7903448456203074
Random forest,2,3158,1,0.617710497666215
Random forest,2,3176,0,0.1894151404377803
Random forest,2,3182,0,0.694548902210653
Random forest,2,3184,1,0.5423893696383378
Random forest,2,3191,0,0.514963953800351
Random forest,2,3192,1,0.18215160884266285
Random forest,2,3205,0,0.5111601489382237
Random forest,2,3220,0,0.5451452191359961
Random forest,2,3232,0,0.7548054225400513
Random forest,2,3244,0,0.6094329660469023
Random forest,2,3262,1,0.7696867049461161
Random forest,2,3265,0,0.38443296921353465
Random forest,2,3267,0,0.46512540735852015
Random forest,2,3279,1,0.6258855605062797
Random forest,2,3316,0,0.6549667877588209
Random forest,2,3323,1,0.34871094766223776
Random forest,2,3330,1,0.24598324541023914
Random forest,2,3345,1,0.8456028483540997
Random forest,2,3346,1,0.4133870274340963
Random forest,2,3353,0,0.692168504351284
Random forest,2,3361,0,0.6834121742465618
Random forest,2,3366,0,0.6276044681177175
Random forest,2,3374,1,0.7804433835761081
Random forest,2,3377,1,0.16974224490816436
Random forest,2,3387,1,0.6540903144457383
Random forest,2,3389,0,0.3870099702672543
Random forest,2,3408,0,0.20541556192380725
Random forest,2,3416,1,0.5504025299173267
Random forest,2,3422,0,0.33881709966808016
Random forest,2,3424,1,0.25551384505731645
Random forest,2,3435,0,0.38864389148654993
Random forest,2,3456,1,0.5994160265210674
Random forest,2,3489,0,0.6279839567524603
Random forest,2,3491,1,0.40932689156928004
Random forest,2,3493,0,0.8518486117616044
Random forest,2,3501,0,0.45088819705185434
Random forest,2,3511,1,0.29215772885330044
Random forest,2,3518,1,0.7237587523460953
Random forest,2,3549,0,0.24119354884341873
Random forest,2,3556,1,0.7582089560467531
Random forest,2,3572,0,0.7224163873026228
Random forest,2,3575,1,0.22485177904263934
Random forest,2,3576,1,0.540521709500302
Random forest,2,3587,0,0.5276837607227187
Random forest,2,3588,1,0.5695101901537903
Random forest,2,3601,0,0.503565337826574
Random forest,2,3607,1,0.5697621073785257
Random forest,2,3612,0,0.312727978646552
Random forest,2,3633,0,0.7974603373750907
Random forest,2,3639,0,0.3493316420066769
Random forest,2,3640,1,0.56711631228224
Random forest,2,3646,0,0.5152622131090262
Random forest,2,3647,0,0.24108819513716906
Random forest,2,3654,0,0.15387396873546103
Random forest,2,3672,0,0.3759240152008521
Random forest,2,3679,1,0.7845311174966609
Random forest,2,3680,1,0.7197662088567495
Random forest,2,3683,0,0.1612284653663109
Random forest,2,3720,0,0.5625987848885554
Random forest,2,3721,0,0.48469316353718556
Random forest,2,3722,1,0.6102123629700591
Random forest,2,3730,1,0.5959182820357772
Random forest,2,3738,1,0.7341001474011164
Random forest,2,3750,0,0.4030642271031496
Random forest,2,3759,0,0.24998022284347954
Random forest,2,3763,1,0.5556110586559592
Random forest,2,3766,1,0.5187591001885002
Random forest,2,3793,1,0.3861427366219661
Random forest,2,3796,1,0.38083157486353364
Random forest,2,3812,1,0.6121783657049802
Random forest,2,3828,0,0.5328399427327802
Random forest,2,3833,1,0.6176111977635713
Random forest,2,3861,0,0.38816019136562097
Random forest,2,3869,0,0.5178850481375393
Random forest,2,3874,0,0.346724123472665
Random forest,2,3875,1,0.2795929509683739
Random forest,2,3876,0,0.4195424394983454
Random forest,2,3906,1,0.6786921823901224
Random forest,2,3921,1,0.4941942690445413
Random forest,2,3924,0,0.3576912054887085
Random forest,2,3928,1,0.5533303090027328
Random forest,2,3930,0,0.6351171883129777
Random forest,2,3938,1,0.6934004293335444
Random forest,2,3945,1,0.5754331363017107
Random forest,2,3957,1,0.6759880896245869
Random forest,2,3976,1,0.760183338769155
Random forest,2,3982,1,0.5713668400626905
Random forest,2,3983,1,0.6485550150365469
Random forest,2,4012,1,0.8081778959117264
Random forest,2,4019,0,0.40014214576755736
Random forest,2,4028,0,0.5343049234608251
Random forest,2,4036,1,0.6302434848942249
Random forest,2,4041,0,0.2777349978482005
Random forest,2,4062,1,0.6352638802578435
Random forest,2,4077,0,0.14564978862686095
Random forest,2,4120,1,0.7131651909172462
Random forest,2,4132,0,0.6825827038714146
Random forest,2,4156,0,0.616211739492734
Random forest,2,4164,1,0.755949728579554
Random forest,2,4165,1,0.9049749150623486
Random forest,2,4169,1,0.6865087868724957
Random forest,2,4180,1,0.5967207437349709
Random forest,2,4192,1,0.8568953115885611
Random forest,2,4200,1,0.48392202834334114
Random forest,2,4213,0,0.7258916674512977
Random forest,2,4214,1,0.7735160969051361
Random forest,2,4227,0,0.5374356752407673
Random forest,2,4258,0,0.31443981151394396
Random forest,2,4278,1,0.7710469308250688
Random forest,2,4301,1,0.6552877727725555
Random forest,2,4304,0,0.45272895206988006
Random forest,2,4306,0,0.733100250227685
Random forest,2,4320,0,0.4410621409477786
Random forest,2,4338,1,0.681803576082851
Random forest,2,4358,1,0.6454537465041709
Random forest,2,4385,0,0.5993201964890654
Random forest,2,4399,0,0.8026434055334084
Random forest,2,4436,0,0.2928613116628729
Random forest,2,4442,1,0.33947840171899574
Random forest,2,4444,1,0.5345816616869439
Random forest,2,4453,1,0.7048130860708465
Random forest,2,4454,0,0.5783096121443245
Random forest,2,4456,0,0.3169876596821782
Random forest,2,4459,1,0.3396308737347461
Random forest,2,4469,0,0.7833265333858851
Random forest,2,4488,0,0.4851230128448642
Random forest,2,4492,0,0.5782963354125361
Random forest,2,4495,1,0.4834442250336057
Random forest,2,4500,1,0.7428261489264217
Random forest,2,4518,0,0.7160421102897359
Random forest,2,4521,1,0.5224605120055252
Random forest,2,4532,1,0.5921483155983219
Random forest,2,4540,0,0.35086277300726043
Random forest,2,4541,0,0.6971392175755919
Random forest,2,4543,1,0.3577521000883227
Random forest,2,4546,0,0.1817613154004679
Random forest,2,4554,0,0.30751015747574917
Random forest,2,4558,1,0.5795362945175238
Random forest,2,4559,0,0.6200172489524342
Random forest,2,4567,1,0.5229859299922816
Random forest,2,4574,1,0.7249401445555442
Random forest,2,4585,0,0.33233475044769745
Random forest,2,4594,0,0.5358982857890924
Random forest,2,4599,1,0.8363298076128338
Random forest,2,4618,1,0.5008840024846961
Random forest,2,4620,1,0.36278959096856184
Random forest,2,4671,0,0.7135484995390626
Random forest,2,4678,1,0.7202229271007107
Random forest,2,4682,1,0.36024854469565104
Random forest,2,4729,1,0.5912582697042894
Random forest,2,4744,0,0.6387376423746887
Random forest,2,4759,0,0.5224467602271419
Random forest,2,4781,0,0.29600910477326936
Random forest,2,4804,1,0.6155781541027945
Random forest,2,4840,1,0.5656669382018711
Random forest,2,4855,0,0.5137718796770887
Random forest,2,4863,1,0.6133635829372275
Random forest,2,4869,0,0.48187327187553275
Random forest,2,4875,1,0.7532572093957736
Random forest,2,4878,1,0.5665703644902736
Random forest,2,4886,0,0.590916816532099
Random forest,2,4901,1,0.324260767979732
Random forest,2,4902,0,0.3595757825677656
Random forest,2,4903,0,0.6812679025211472
Random forest,2,4905,0,0.3865226180865571
Random forest,2,4909,1,0.3135026744162859
Random forest,2,4923,1,0.20035503833367513
Random forest,2,4927,0,0.3192614784141607
Random forest,2,4935,0,0.5249216243124983
Random forest,2,4937,1,0.26645209983923673
Random forest,2,4979,0,0.28461918519832186
Random forest,2,4990,1,0.4963202931196061
Random forest,2,4996,0,0.8490453291033455
Random forest,2,4998,0,0.6343311470873695
Gradient boosting,2,2,1,0.657905483654687
Gradient boosting,2,7,0,0.756463747179448
Gradient boosting,2,13,0,0.7553069249972878
Gradient boosting,2,14,0,0.6137099786318952
Gradient boosting,2,25,1,0.2392672239958514
Gradient boosting,2,39,0,0.44553403554952475
Gradient boosting,2,42,0,0.49079097287293005
Gradient boosting,2,48,0,0.3264294671781182
Gradient boosting,2,59,1,0.44327750939711946
Gradient boosting,2,79,0,0.6916093254726612
Gradient boosting,2,84,1,0.6792014970672816
Gradient boosting,2,85,1,0.585358775370022
Gradient boosting,2,97,1,0.4184983596137986
Gradient boosting,2,107,1,0.616448986897999
Gradient boosting,2,121,0,0.6377221524456094
Gradient boosting,2,155,1,0.6073606973561717
Gradient boosting,2,161,1,0.3996196998319346
Gradient boosting,2,190,1,0.49720322396482514
Gradient boosting,2,203,1,0.588378097190112
Gradient boosting,2,214,0,0.6484545579308131
Gradient boosting,2,222,1,0.8011177687933744
Gradient boosting,2,224,0,0.6971336639883945
Gradient boosting,2,235,1,0.755062457071261
Gradient boosting,2,236,0,0.5088995326573315
Gradient boosting,2,244,0,0.7941181942495877
Gradient boosting,2,254,0,0.5225498041236213
Gradient boosting,2,259,0,0.2095960320902282
Gradient boosting,2,282,0,0.7948528864748665
Gradient boosting,2,310,0,0.6785754131377345
Gradient boosting,2,311,0,0.5913823543955462
Gradient boosting,2,315,0,0.5144787098204965
Gradient boosting,2,340,1,0.3723930553318657
Gradient boosting,2,371,1,0.6573088039756884
Gradient boosting,2,394,0,0.5129617343789252
Gradient boosting,2,415,1,0.2905555661499589
Gradient boosting,2,421,1,0.70282892154811
Gradient boosting,2,429,1,0.7417774628060577
Gradient boosting,2,454,0,0.663241665135403
Gradient boosting,2,457,1,0.28180226710474005
Gradient boosting,2,460,1,0.65665303247724
Gradient boosting,2,467,0,0.353230529658146
Gradient boosting,2,478,0,0.32411660452740254
Gradient boosting,2,489,0,0.7299025214934843
Gradient boosting,2,493,0,0.29004263989653734
Gradient boosting,2,501,0,0.42766879959889603
Gradient boosting,2,511,1,0.7102886078212458
Gradient boosting,2,534,1,0.3154646881953247
Gradient boosting,2,547,0,0.22407252554125723
Gradient boosting,2,549,1,0.6734353503181348
Gradient boosting,2,568,0,0.33404003909145585
Gradient boosting,2,586,0,0.34531676884109497
Gradient boosting,2,599,1,0.5190087672818379
Gradient boosting,2,600,0,0.43477361711605345
Gradient boosting,2,614,1,0.3772214822343277
Gradient boosting,2,615,0,0.4704646679373622
Gradient boosting,2,624,0,0.25171860562944165
Gradient boosting,2,635,0,0.4308260249819084
Gradient boosting,2,640,1,0.5657900567232168
Gradient boosting,2,651,1,0.6473375052427802
Gradient boosting,2,665,1,0.4773133569389189
Gradient boosting,2,674,0,0.377028200487117
Gradient boosting,2,687,0,0.2535732540083244
Gradient boosting,2,701,0,0.4579451715087256
Gradient boosting,2,710,0,0.4146584466821246
Gradient boosting,2,726,1,0.5846675963927479
Gradient boosting,2,730,1,0.6351549405017456
Gradient boosting,2,735,1,0.6140903404663531
Gradient boosting,2,766,0,0.3859700759434905
Gradient boosting,2,770,0,0.3482598174059006
Gradient boosting,2,781,0,0.31465234941754294
Gradient boosting,2,787,1,0.500539804703546
Gradient boosting,2,812,0,0.3693555105574931
Gradient boosting,2,818,0,0.33685838891165054
Gradient boosting,2,821,1,0.5749920241457527
Gradient boosting,2,823,1,0.2331333226175193
Gradient boosting,2,824,1,0.5693756472826419
Gradient boosting,2,826,0,0.30128951142563387
Gradient boosting,2,849,0,0.2482037305378798
Gradient boosting,2,858,1,0.6536296361945134
Gradient boosting,2,865,0,0.540966828277555
Gradient boosting,2,874,0,0.5533463894133575
Gradient boosting,2,879,0,0.24497228537252255
Gradient boosting,2,885,0,0.6974247665962217
Gradient boosting,2,891,0,0.5091147635201465
Gradient boosting,2,931,1,0.5047726108417436
Gradient boosting,2,933,0,0.6210380469759932
Gradient boosting,2,940,0,0.42333845897970307
Gradient boosting,2,952,0,0.22511153698556266
Gradient boosting,2,965,0,0.2911613894390964
Gradient boosting,2,981,1,0.5541961396369174
Gradient boosting,2,984,0,0.2421539359680157
Gradient boosting,2,985,1,0.6388415658511681
Gradient boosting,2,995,0,0.3269111317945544
Gradient boosting,2,1001,1,0.7105514995242533
Gradient boosting,2,1032,1,0.6840455522608854
Gradient boosting,2,1040,0,0.47372745825113827
Gradient boosting,2,1044,0,0.633158044061469
Gradient boosting,2,1061,1,0.6755339552252057
Gradient boosting,2,1067,1,0.42860651676468337
Gradient boosting,2,1070,0,0.38689653589753914
Gradient boosting,2,1088,1,0.5124920543915862
Gradient boosting,2,1097,0,0.7832491151906501
Gradient boosting,2,1117,1,0.34083138370527694
Gradient boosting,2,1118,0,0.35105137644656653
Gradient boosting,2,1129,0,0.5172602072389507
Gradient boosting,2,1131,1,0.4825788268781945
Gradient boosting,2,1160,0,0.5979481384646981
Gradient boosting,2,1170,0,0.4212869584483202
Gradient boosting,2,1171,1,0.47545034569813505
Gradient boosting,2,1180,0,0.3115481923307891
Gradient boosting,2,1195,0,0.5921485330977857
Gradient boosting,2,1196,1,0.4804024872810442
Gradient boosting,2,1199,1,0.2001118414380728
Gradient boosting,2,1207,1,0.5572589179494432
Gradient boosting,2,1210,0,0.17224142053914612
Gradient boosting,2,1220,1,0.3584809202552412
Gradient boosting,2,1223,0,0.3617440246286875
Gradient boosting,2,1231,0,0.49992695954629823
Gradient boosting,2,1254,1,0.3291886923426302
Gradient boosting,2,1273,1,0.7695131553844693
Gradient boosting,2,1276,0,0.17135146323675055
Gradient boosting,2,1297,1,0.6007969711537617
Gradient boosting,2,1304,0,0.5249856466581095
Gradient boosting,2,1305,0,0.3281891390619775
Gradient boosting,2,1316,1,0.5288415523066485
Gradient boosting,2,1328,0,0.21903936859925843
Gradient boosting,2,1331,1,0.5993115223474887
Gradient boosting,2,1336,1,0.4998595364577704
Gradient boosting,2,1347,1,0.7427700881327197
Gradient boosting,2,1369,0,0.49918334997497654
Gradient boosting,2,1395,1,0.4352967878848822
Gradient boosting,2,1396,1,0.5522330059797455
Gradient boosting,2,1397,1,0.25382653380849035
Gradient boosting,2,1414,0,0.34267242167637035
Gradient boosting,2,1416,1,0.3151870588715697
Gradient boosting,2,1422,1,0.4616234183370252
Gradient boosting,2,1423,1,0.518998884937245
Gradient boosting,2,1426,0,0.8162114118431268
Gradient boosting,2,1437,1,0.3571965626404228
Gradient boosting,2,1466,0,0.3534684580975166
Gradient boosting,2,1524,0,0.49590389550581054
Gradient boosting,2,1539,0,0.2914356823984545
Gradient boosting,2,1546,1,0.5362014400110107
Gradient boosting,2,1553,0,0.5211286089984798
Gradient boosting,2,1567,1,0.28627198209903926
Gradient boosting,2,1594,1,0.7110701959575444
Gradient boosting,2,1596,0,0.662566065407166
Gradient boosting,2,1601,1,0.709895624246412
Gradient boosting,2,1612,1,0.7845253493423706
Gradient boosting,2,1637,0,0.21798817669402845
Gradient boosting,2,1647,1,0.6055065266604734
Gradient boosting,2,1660,0,0.3574247213723059
Gradient boosting,2,1667,0,0.26368995808161233
Gradient boosting,2,1674,1,0.582615958184304
Gradient boosting,2,1692,1,0.6945650820629781
Gradient boosting,2,1695,0,0.623213830023871
Gradient boosting,2,1702,0,0.5221539796752614
Gradient boosting,2,1716,1,0.49516266535324405
Gradient boosting,2,1722,1,0.2847999799910035
Gradient boosting,2,1732,0,0.49539064505339836
Gradient boosting,2,1741,1,0.7648431793607049
Gradient boosting,2,1749,1,0.614062762971913
Gradient boosting,2,1752,1,0.5506729623549943
Gradient boosting,2,1757,1,0.37284291572299083
Gradient boosting,2,1774,0,0.7780918440396335
Gradient boosting,2,1779,0,0.4265853110151798
Gradient boosting,2,1811,1,0.6750617824529087
Gradient boosting,2,1812,0,0.47095388435206853
Gradient boosting,2,1828,0,0.3595573803375511
Gradient boosting,2,1859,1,0.5615767589782729
Gradient boosting,2,1860,1,0.501498611367865
Gradient boosting,2,1878,1,0.5732527021943129
Gradient boosting,2,1884,0,0.320108481113917
Gradient boosting,2,1893,0,0.6882125034793845
Gradient boosting,2,1898,1,0.8135579724315436
Gradient boosting,2,1902,1,0.5711717301859391
Gradient boosting,2,1951,1,0.5500825147448026
Gradient boosting,2,1958,1,0.5660844561731392
Gradient boosting,2,1965,0,0.7677779865696354
Gradient boosting,2,1972,1,0.25499495344534107
Gradient boosting,2,1981,0,0.4183904935451384
Gradient boosting,2,1993,1,0.648103256279296
Gradient boosting,2,2014,1,0.2880622891533968
Gradient boosting,2,2017,1,0.6640234361044842
Gradient boosting,2,2018,1,0.3416604298753646
Gradient boosting,2,2022,1,0.6078568995918329
Gradient boosting,2,2026,0,0.36553762299194675
Gradient boosting,2,2033,1,0.46667359302186695
Gradient boosting,2,2036,0,0.25562810000377084
Gradient boosting,2,2043,1,0.7068057736760893
Gradient boosting,2,2048,1,0.5444110266816498
Gradient boosting,2,2049,0,0.6586167801959443
Gradient boosting,2,2054,1,0.7330083809806645
Gradient boosting,2,2057,0,0.7561207559904245
Gradient boosting,2,2061,0,0.3063431645327275
Gradient boosting,2,2064,0,0.3765351449895434
Gradient boosting,2,2071,1,0.8031439604604594
Gradient boosting,2,2074,1,0.5595041341918298
Gradient boosting,2,2083,1,0.5345810581787155
Gradient boosting,2,2087,0,0.2714257073661257
Gradient boosting,2,2101,1,0.6848740829546637
Gradient boosting,2,2111,1,0.5632635644788644
Gradient boosting,2,2119,0,0.5669999454321478
Gradient boosting,2,2127,1,0.6757143410855317
Gradient boosting,2,2135,1,0.5883269889849567
Gradient boosting,2,2143,1,0.4007352173973818
Gradient boosting,2,2154,1,0.36655650628007963
Gradient boosting,2,2171,1,0.7806106123626099
Gradient boosting,2,2178,0,0.4881758739698871
Gradient boosting,2,2180,0,0.4505163122860746
Gradient boosting,2,2182,0,0.366113460813219
Gradient boosting,2,2183,0,0.4284947657622734
Gradient boosting,2,2184,0,0.3095249675929107
Gradient boosting,2,2189,0,0.2076697984418748
Gradient boosting,2,2194,1,0.5873345034694374
Gradient boosting,2,2210,1,0.68290815043044
Gradient boosting,2,2230,0,0.46588308577079457
Gradient boosting,2,2241,1,0.6127548285994928
Gradient boosting,2,2244,0,0.595944419280953
Gradient boosting,2,2246,0,0.3686768218410316
Gradient boosting,2,2255,1,0.6856846371674196
Gradient boosting,2,2257,0,0.5781586147771195
Gradient boosting,2,2279,1,0.6370040322241901
Gradient boosting,2,2351,0,0.6561072876455585
Gradient boosting,2,2360,1,0.37232218565200736
Gradient boosting,2,2364,0,0.828022219313027
Gradient boosting,2,2379,0,0.2952742531440322
Gradient boosting,2,2392,0,0.4510866854533486
Gradient boosting,2,2395,1,0.250212154824605
Gradient boosting,2,2407,0,0.4619759418162038
Gradient boosting,2,2413,1,0.2733904334336883
Gradient boosting,2,2421,1,0.7024365473275337
Gradient boosting,2,2428,1,0.8483068322145532
Gradient boosting,2,2437,1,0.719710552410306
Gradient boosting,2,2447,1,0.3537428883756042
Gradient boosting,2,2467,0,0.5255033059537403
Gradient boosting,2,2480,1,0.6853749802179082
Gradient boosting,2,2493,1,0.37435381381558547
Gradient boosting,2,2500,1,0.7109312409490103
Gradient boosting,2,2529,1,0.583842441675252
Gradient boosting,2,2550,0,0.45583864500162863
Gradient boosting,2,2562,1,0.5500919564209374
Gradient boosting,2,2567,0,0.3805601973399912
Gradient boosting,2,2615,1,0.6607337320369889
Gradient boosting,2,2618,1,0.5015983708720083
Gradient boosting,2,2631,1,0.612969194363565
Gradient boosting,2,2637,1,0.6733779563804329
Gradient boosting,2,2658,1,0.6654629603498274
Gradient boosting,2,2688,0,0.3368908265484642
Gradient boosting,2,2717,1,0.660830578714002
Gradient boosting,2,2720,0,0.1276462800471425
Gradient boosting,2,2721,1,0.47516175878207684
Gradient boosting,2,2728,0,0.2609401175606935
Gradient boosting,2,2752,1,0.2547279013057976
Gradient boosting,2,2753,1,0.148889737074375
Gradient boosting,2,2757,0,0.17713616514523955
Gradient boosting,2,2770,1,0.5116239646562846
Gradient boosting,2,2773,1,0.6477016365876633
Gradient boosting,2,2782,0,0.630066956841031
Gradient boosting,2,2798,0,0.5499632065282833
Gradient boosting,2,2816,0,0.4717950096057952
Gradient boosting,2,2819,0,0.7388265640686132
Gradient boosting,2,2828,0,0.45167061066509995
Gradient boosting,2,2854,0,0.6067635972450034
Gradient boosting,2,2856,1,0.33321134982113165
Gradient boosting,2,2876,0,0.40700573202696216
Gradient boosting,2,2896,1,0.6847088212621664
Gradient boosting,2,2904,1,0.6990187727776729
Gradient boosting,2,2929,0,0.5403606827493549
Gradient boosting,2,2931,0,0.3763083946214336
Gradient boosting,2,2940,0,0.5770330432542207
Gradient boosting,2,2969,0,0.5667245042652044
Gradient boosting,2,2970,0,0.23419007688715435
Gradient boosting,2,2980,1,0.6980739087633615
Gradient boosting,2,2984,1,0.7073544395650329
Gradient boosting,2,2985,0,0.3242973435286207
Gradient boosting,2,2986,1,0.6243275109708004
Gradient boosting,2,2991,1,0.29596705706887194
Gradient boosting,2,2995,0,0.49872097443869573
Gradient boosting,2,2999,0,0.3302466875790397
Gradient boosting,2,3001,0,0.5492273468075031
Gradient boosting,2,3004,0,0.7083667976420569
Gradient boosting,2,3008,0,0.37905939536842664
Gradient boosting,2,3018,1,0.2580187625226466
Gradient boosting,2,3047,1,0.7034031280159769
Gradient boosting,2,3049,1,0.657532019573242
Gradient boosting,2,3067,1,0.6895881324071698
Gradient boosting,2,3075,0,0.6952042071262854
Gradient boosting,2,3092,0,0.5907512528259223
Gradient boosting,2,3116,1,0.29482119419938435
Gradient boosting,2,3117,0,0.48203797485086697
Gradient boosting,2,3120,0,0.5112980724054507
Gradient boosting,2,3134,1,0.7386873549749806
Gradient boosting,2,3158,1,0.6101832898390492
Gradient boosting,2,3176,0,0.2788705851053571
Gradient boosting,2,3182,0,0.7029452650847158
Gradient boosting,2,3184,1,0.5413434841710367
Gradient boosting,2,3191,0,0.4690406583599313
Gradient boosting,2,3192,1,0.21400528947855627
Gradient boosting,2,3205,0,0.5151334624584691
Gradient boosting,2,3220,0,0.5505716769944636
Gradient boosting,2,3232,0,0.7145556477167704
Gradient boosting,2,3244,0,0.5406727231383779
Gradient boosting,2,3262,1,0.7516439529353444
Gradient boosting,2,3265,0,0.4240580793282135
Gradient boosting,2,3267,0,0.49820174524180555
Gradient boosting,2,3279,1,0.6506987406437202
Gradient boosting,2,3316,0,0.6258629637862325
Gradient boosting,2,3323,1,0.41177906388871605
Gradient boosting,2,3330,1,0.23341777702290875
Gradient boosting,2,3345,1,0.8605683977676526
Gradient boosting,2,3346,1,0.40077430062306457
Gradient boosting,2,3353,0,0.667626467573963
Gradient boosting,2,3361,0,0.6652241092823514
Gradient boosting,2,3366,0,0.571184164331181
Gradient boosting,2,3374,1,0.7349550042129399
Gradient boosting,2,3377,1,0.19341128552989734
Gradient boosting,2,3387,1,0.6768177682486161
Gradient boosting,2,3389,0,0.3843506625347389
Gradient boosting,2,3408,0,0.20534324204468396
Gradient boosting,2,3416,1,0.5765801931672582
Gradient boosting,2,3422,0,0.3652136627930745
Gradient boosting,2,3424,1,0.2682965072825395
Gradient boosting,2,3435,0,0.34346597313386823
Gradient boosting,2,3456,1,0.7224965322340448
Gradient boosting,2,3489,0,0.5561313335313711
Gradient boosting,2,3491,1,0.45478664677803105
Gradient boosting,2,3493,0,0.8277113224210468
Gradient boosting,2,3501,0,0.34588332669166505
Gradient boosting,2,3511,1,0.3072861822874386
Gradient boosting,2,3518,1,0.7338123186045918
Gradient boosting,2,3549,0,0.24133963010629003
Gradient boosting,2,3556,1,0.7533850379194251
Gradient boosting,2,3572,0,0.7150215170121826
Gradient boosting,2,3575,1,0.22397572580992342
Gradient boosting,2,3576,1,0.5016344412435705
Gradient boosting,2,3587,0,0.512007196686983
Gradient boosting,2,3588,1,0.5686685513264734
Gradient boosting,2,3601,0,0.4064073995979194
Gradient boosting,2,3607,1,0.5395356290995275
Gradient boosting,2,3612,0,0.331131242050869
Gradient boosting,2,3633,0,0.8018295284231401
Gradient boosting,2,3639,0,0.2776108794317402
Gradient boosting,2,3640,1,0.5835756229487535
Gradient boosting,2,3646,0,0.5340791642134172
Gradient boosting,2,3647,0,0.24138927160834694
Gradient boosting,2,3654,0,0.146133437187935
Gradient boosting,2,3672,0,0.38626364432032484
Gradient boosting,2,3679,1,0.7603854719366095
Gradient boosting,2,3680,1,0.7359177707789147
Gradient boosting,2,3683,0,0.22531601458215614
Gradient boosting,2,3720,0,0.5324155083647344
Gradient boosting,2,3721,0,0.48610477027661947
Gradient boosting,2,3722,1,0.610574286602423
Gradient boosting,2,3730,1,0.6214254964768071
Gradient boosting,2,3738,1,0.7027082205935858
Gradient boosting,2,3750,0,0.38818461507115165
Gradient boosting,2,3759,0,0.29706715390983873
Gradient boosting,2,3763,1,0.5369747642511915
Gradient boosting,2,3766,1,0.49641386402024
Gradient boosting,2,3793,1,0.308262805449497
Gradient boosting,2,3796,1,0.4356101596526583
Gradient boosting,2,3812,1,0.5844823424322341
Gradient boosting,2,3828,0,0.5457303748297241
Gradient boosting,2,3833,1,0.6669875965732004
Gradient boosting,2,3861,0,0.3550539566541343
Gradient boosting,2,3869,0,0.5144232307508084
Gradient boosting,2,3874,0,0.3549727217130267
Gradient boosting,2,3875,1,0.2557184664537805
Gradient boosting,2,3876,0,0.3590911191997285
Gradient boosting,2,3906,1,0.707740103660273
Gradient boosting,2,3921,1,0.47737182138421
Gradient boosting,2,3924,0,0.35090144579041865
Gradient boosting,2,3928,1,0.49083677024372735
Gradient boosting,2,3930,0,0.6053973093567453
Gradient boosting,2,3938,1,0.7511939522890289
Gradient boosting,2,3945,1,0.5305745245765121
Gradient boosting,2,3957,1,0.6974710776674141
Gradient boosting,2,3976,1,0.8326129777093868
Gradient boosting,2,3982,1,0.537134626387819
Gradient boosting,2,3983,1,0.6996948359364282
Gradient boosting,2,4012,1,0.8073877867442829
Gradient boosting,2,4019,0,0.4827926544416727
Gradient boosting,2,4028,0,0.507169347752549
Gradient boosting,2,4036,1,0.6857355304539575
Gradient boosting,2,4041,0,0.23328866840101495
Gradient boosting,2,4062,1,0.5564744755663621
Gradient boosting,2,4077,0,0.21742266407518132
Gradient boosting,2,4120,1,0.6529736362386086
Gradient boosting,2,4132,0,0.6752774942259298
Gradient boosting,2,4156,0,0.6913390847880371
Gradient boosting,2,4164,1,0.820879042448199
Gradient boosting,2,4165,1,0.8354694703785398
Gradient boosting,2,4169,1,0.6745129211991403
Gradient boosting,2,4180,1,0.5790777587370196
Gradient boosting,2,4192,1,0.7789384199785738
Gradient boosting,2,4200,1,0.46147026273676023
Gradient boosting,2,4213,0,0.6541745850769536
Gradient boosting,2,4214,1,0.8142267159181559
Gradient boosting,2,4227,0,0.49961389926207145
Gradient boosting,2,4258,0,0.3345078652347497
Gradient boosting,2,4278,1,0.7080173666919937
Gradient boosting,2,4301,1,0.6822389741317029
Gradient boosting,2,4304,0,0.3868473007680103
Gradient boosting,2,4306,0,0.6943455507540327
Gradient boosting,2,4320,0,0.496639856889836
Gradient boosting,2,4338,1,0.6677607100243528
Gradient boosting,2,4358,1,0.6837953713459155
Gradient boosting,2,4385,0,0.5977143055489433
Gradient boosting,2,4399,0,0.7046174658463892
Gradient boosting,2,4436,0,0.3203798908010662
Gradient boosting,2,4442,1,0.3954654295734653
Gradient boosting,2,4444,1,0.5421690220381751
Gradient boosting,2,4453,1,0.7554157706868446
Gradient boosting,2,4454,0,0.6200875386948386
Gradient boosting,2,4456,0,0.28855038100694436
Gradient boosting,2,4459,1,0.2696000347785804
Gradient boosting,2,4469,0,0.7510720190265399
Gradient boosting,2,4488,0,0.49450692245317096
Gradient boosting,2,4492,0,0.6548509000708979
Gradient boosting,2,4495,1,0.5065259205227395
Gradient boosting,2,4500,1,0.7319982192868737
Gradient boosting,2,4518,0,0.8064368132442287
Gradient boosting,2,4521,1,0.5463514904690924
Gradient boosting,2,4532,1,0.6507160339808452
Gradient boosting,2,4540,0,0.34153613810228783
Gradient boosting,2,4541,0,0.7120173081203164
Gradient boosting,2,4543,1,0.35423841422581787
Gradient boosting,2,4546,0,0.2372337891807568
Gradient boosting,2,4554,0,0.327699283965319
Gradient boosting,2,4558,1,0.6044185328791375
Gradient boosting,2,4559,0,0.6214242824194873
Gradient boosting,2,4567,1,0.5421439827682959
Gradient boosting,2,4574,1,0.7028349317482023
Gradient boosting,2,4585,0,0.36809750342570213
Gradient boosting,2,4594,0,0.47068357967828023
Gradient boosting,2,4599,1,0.8316197810856938
Gradient boosting,2,4618,1,0.41568162976168965
Gradient boosting,2,4620,1,0.3094171320095541
Gradient boosting,2,4671,0,0.7186596097737278
Gradient boosting,2,4678,1,0.7051394994304809
Gradient boosting,2,4682,1,0.3915217536177642
Gradient boosting,2,4729,1,0.5840825071335457
Gradient boosting,2,4744,0,0.6387850199751289
Gradient boosting,2,4759,0,0.4597199831251031
Gradient boosting,2,4781,0,0.2539349492500943
Gradient boosting,2,4804,1,0.5691766752315569
Gradient boosting,2,4840,1,0.5818321699628096
Gradient boosting,2,4855,0,0.48960481571201825
Gradient boosting,2,4863,1,0.6055515143638784
Gradient boosting,2,4869,0,0.4481886742608421
Gradient boosting,2,4875,1,0.7505791075788438
Gradient boosting,2,4878,1,0.5951194118173769
Gradient boosting,2,4886,0,0.5263708449519237
Gradient boosting,2,4901,1,0.3147978220207749
Gradient boosting,2,4902,0,0.3781156307806059
Gradient boosting,2,4903,0,0.7311578324381499
Gradient boosting,2,4905,0,0.4519419255833948
Gradient boosting,2,4909,1,0.27331349178466136
Gradient boosting,2,4923,1,0.23968882180454232
Gradient boosting,2,4927,0,0.3280329326038621
Gradient boosting,2,4935,0,0.47769439737221403
Gradient boosting,2,4937,1,0.25958531597398915
Gradient boosting,2,4979,0,0.3358408311587809
Gradient boosting,2,4990,1,0.5170535208956683
Gradient boosting,2,4996,0,0.8234222561110984
Gradient boosting,2,4998,0,0.5862491740530632
Week 5 logistic,3,1,0,0.2622622217871102
Week 5 logistic,3,41,0,0.2965746255392111
Week 5 logistic,3,50,1,0.4955928490658305
Week 5 logistic,3,61,0,0.5223348439183672
Week 5 logistic,3,74,0,0.2895061558971875
Week 5 logistic,3,88,1,0.3919649046480244
Week 5 logistic,3,109,0,0.34565777115096774
Week 5 logistic,3,127,1,0.46715381801093286
Week 5 logistic,3,172,0,0.5837990628327226
Week 5 logistic,3,173,1,0.482966995563718
Week 5 logistic,3,174,0,0.5278986545148839
Week 5 logistic,3,176,1,0.33013973928527995
Week 5 logistic,3,206,0,0.516156572255642
Week 5 logistic,3,211,0,0.39998928578853765
Week 5 logistic,3,233,0,0.2558675077664508
Week 5 logistic,3,246,1,0.6060309111234149
Week 5 logistic,3,256,0,0.1764239009620775
Week 5 logistic,3,316,1,0.6507090631031766
Week 5 logistic,3,317,1,0.35574773240963214
Week 5 logistic,3,319,0,0.46967168850934526
Week 5 logistic,3,359,1,0.4769252188838684
Week 5 logistic,3,369,1,0.4947296887775373
Week 5 logistic,3,376,0,0.34646771276439087
Week 5 logistic,3,377,0,0.5079353256489634
Week 5 logistic,3,390,0,0.3874093873595993
Week 5 logistic,3,431,0,0.4243693821548371
Week 5 logistic,3,462,1,0.6853229574962789
Week 5 logistic,3,470,0,0.6064347135770265
Week 5 logistic,3,488,0,0.579333213513536
Week 5 logistic,3,492,1,0.3845617249409999
Week 5 logistic,3,540,1,0.3999549543386488
Week 5 logistic,3,556,1,0.2557763461814412
Week 5 logistic,3,602,1,0.10647522049913821
Week 5 logistic,3,630,1,0.6153825473171982
Week 5 logistic,3,644,0,0.6080866912686089
Week 5 logistic,3,656,1,0.6511601644410939
Week 5 logistic,3,661,0,0.36171821739831195
Week 5 logistic,3,675,0,0.34441193213243443
Week 5 logistic,3,680,0,0.28562271365016656
Week 5 logistic,3,696,1,0.4158526396951286
Week 5 logistic,3,712,1,0.737970671040525
Week 5 logistic,3,713,1,0.5303903351843346
Week 5 logistic,3,733,1,0.4645672588599632
Week 5 logistic,3,738,0,0.525774254083537
Week 5 logistic,3,756,0,0.49789142627287464
Week 5 logistic,3,759,1,0.08417002713975755
Week 5 logistic,3,773,0,0.3385504493784887
Week 5 logistic,3,792,0,0.5999081841235496
Week 5 logistic,3,804,1,0.5071260283705465
Week 5 logistic,3,863,0,0.37048474121573366
Week 5 logistic,3,877,1,0.3740136421213006
Week 5 logistic,3,894,1,0.5994405902984203
Week 5 logistic,3,905,0,0.28619559977561987
Week 5 logistic,3,910,1,0.3789519586232187
Week 5 logistic,3,1008,0,0.2860073438263384
Week 5 logistic,3,1035,0,0.24650896654945828
Week 5 logistic,3,1060,1,0.4351066691563651
Week 5 logistic,3,1063,0,0.1597447510643442
Week 5 logistic,3,1064,0,0.4526823992291019
Week 5 logistic,3,1072,0,0.6332658951007042
Week 5 logistic,3,1076,0,0.4535198705811043
Week 5 logistic,3,1133,1,0.6075852265269517
Week 5 logistic,3,1136,1,0.2993620728540264
Week 5 logistic,3,1138,1,0.3040334365908217
Week 5 logistic,3,1147,0,0.6983577566305355
Week 5 logistic,3,1148,1,0.4019972975305821
Week 5 logistic,3,1182,0,0.34184895531200876
Week 5 logistic,3,1193,0,0.34517598433453756
Week 5 logistic,3,1203,0,0.40019042638577296
Week 5 logistic,3,1217,0,0.374679400942812
Week 5 logistic,3,1233,0,0.4253181845750388
Week 5 logistic,3,1274,0,0.6518653845239872
Week 5 logistic,3,1275,0,0.1657248761048043
Week 5 logistic,3,1277,1,0.6138294771069078
Week 5 logistic,3,1280,0,0.05920488854896541
Week 5 logistic,3,1281,0,0.35761010088054085
Week 5 logistic,3,1300,0,0.6539770582584575
Week 5 logistic,3,1302,1,0.38505857630902646
Week 5 logistic,3,1326,0,0.2901122176544221
Week 5 logistic,3,1338,1,0.6136568654313909
Week 5 logistic,3,1348,1,0.6151821044063326
Week 5 logistic,3,1377,0,0.41621378252570984
Week 5 logistic,3,1393,1,0.5438653328354199
Week 5 logistic,3,1448,1,0.3565005391782156
Week 5 logistic,3,1471,0,0.2630380621170821
Week 5 logistic,3,1509,0,0.20333595523451117
Week 5 logistic,3,1512,0,0.30637235398408585
Week 5 logistic,3,1521,0,0.3015055890141783
Week 5 logistic,3,1538,0,0.3501936908829142
Week 5 logistic,3,1557,0,0.4444768558667422
Week 5 logistic,3,1590,1,0.0818289343478868
Week 5 logistic,3,1597,0,0.4805626557337608
Week 5 logistic,3,1599,0,0.2137593004155407
Week 5 logistic,3,1610,0,0.49150927385294363
Week 5 logistic,3,1613,1,0.19259558499239815
Week 5 logistic,3,1640,1,0.5793207021891608
Week 5 logistic,3,1666,0,0.2748838343058576
Week 5 logistic,3,1669,1,0.47615485825533604
Week 5 logistic,3,1670,0,0.37650522472558834
Week 5 logistic,3,1673,0,0.5573136750031301
Week 5 logistic,3,1690,1,0.5364894961378105
Week 5 logistic,3,1713,0,0.6653780137311502
Week 5 logistic,3,1721,1,0.4375873191310273
Week 5 logistic,3,1723,1,0.6170859896850229
Week 5 logistic,3,1784,0,0.41518732810564496
Week 5 logistic,3,1789,0,0.6352881167006806
Week 5 logistic,3,1821,1,0.5993904482912428
Week 5 logistic,3,1824,0,0.5601848506645288
Week 5 logistic,3,1844,0,0.4421764785107636
Week 5 logistic,3,1867,0,0.4839358380135057
Week 5 logistic,3,1869,1,0.32485007227854457
Week 5 logistic,3,1983,1,0.12656093599894647
Week 5 logistic,3,1994,1,0.4519704524859729
Week 5 logistic,3,2042,1,0.7280749695394161
Week 5 logistic,3,2056,0,0.41421250958531824
Week 5 logistic,3,2063,0,0.19399630847832328
Week 5 logistic,3,2066,0,0.11377898515784834
Week 5 logistic,3,2086,0,0.5276438061007628
Week 5 logistic,3,2098,0,0.4785701233487271
Week 5 logistic,3,2106,1,0.2597192837543471
Week 5 logistic,3,2114,1,0.44572737228873305
Week 5 logistic,3,2120,1,0.44210656672065884
Week 5 logistic,3,2124,0,0.22136581957102106
Week 5 logistic,3,2130,0,0.4221539678290983
Week 5 logistic,3,2140,0,0.4973618786169313
Week 5 logistic,3,2173,1,0.48212969549631557
Week 5 logistic,3,2175,1,0.5260379115047716
Week 5 logistic,3,2211,0,0.06993043981137288
Week 5 logistic,3,2267,0,0.5322480737692479
Week 5 logistic,3,2280,1,0.47086418699894805
Week 5 logistic,3,2284,0,0.3125854734306288
Week 5 logistic,3,2293,0,0.49012416583172097
Week 5 logistic,3,2294,1,0.3242068369660378
Week 5 logistic,3,2319,1,0.23331605986592402
Week 5 logistic,3,2324,0,0.44923847664815375
Week 5 logistic,3,2343,1,0.42863653990780615
Week 5 logistic,3,2347,0,0.46936027722904805
Week 5 logistic,3,2352,1,0.45030782682044973
Week 5 logistic,3,2361,0,0.6943147840832234
Week 5 logistic,3,2399,1,0.45752259913167975
Week 5 logistic,3,2402,1,0.29243693196251336
Week 5 logistic,3,2446,0,0.538891221028237
Week 5 logistic,3,2502,0,0.6379387811458964
Week 5 logistic,3,2516,0,0.10838855785617643
Week 5 logistic,3,2572,0,0.35976447640566583
Week 5 logistic,3,2574,1,0.4463829988982063
Week 5 logistic,3,2597,0,0.42710397347440904
Week 5 logistic,3,2604,1,0.21624741623912508
Week 5 logistic,3,2605,1,0.4097110287532015
Week 5 logistic,3,2661,1,0.5144636783806603
Week 5 logistic,3,2708,1,0.6102907705342924
Week 5 logistic,3,2841,1,0.3075257232550337
Week 5 logistic,3,2842,0,0.6955525643983193
Week 5 logistic,3,2858,1,0.3144726817765656
Week 5 logistic,3,2921,1,0.4398636065696532
Week 5 logistic,3,2936,0,0.3779036033658433
Week 5 logistic,3,2942,1,0.54970557800397
Week 5 logistic,3,2964,0,0.18926654764491416
Week 5 logistic,3,2968,0,0.10951224232816963
Week 5 logistic,3,2994,1,0.6907751957289887
Week 5 logistic,3,3013,0,0.6316280280357849
Week 5 logistic,3,3019,0,0.6318434931033485
Week 5 logistic,3,3027,0,0.1859575584057651
Week 5 logistic,3,3030,0,0.5815148021565921
Week 5 logistic,3,3046,1,0.5502516624953482
Week 5 logistic,3,3052,1,0.5866204704956706
Week 5 logistic,3,3095,1,0.36642518499713056
Week 5 logistic,3,3104,0,0.4181837458798427
Week 5 logistic,3,3111,1,0.6685989257370305
Week 5 logistic,3,3132,0,0.7199945594682156
Week 5 logistic,3,3144,1,0.5397620416778562
Week 5 logistic,3,3156,0,0.2203367951970884
Week 5 logistic,3,3166,0,0.3518457470331214
Week 5 logistic,3,3186,1,0.48830078868735116
Week 5 logistic,3,3194,0,0.3593236450925992
Week 5 logistic,3,3202,1,0.4426549321187847
Week 5 logistic,3,3222,1,0.46113045757201176
Week 5 logistic,3,3223,1,0.6101586365461364
Week 5 logistic,3,3225,1,0.6690661324408074
Week 5 logistic,3,3228,1,0.5843835157119482
Week 5 logistic,3,3246,0,0.5619564322853965
Week 5 logistic,3,3251,1,0.22984875167410218
Week 5 logistic,3,3266,0,0.45755509195348537
Week 5 logistic,3,3281,1,0.5636387431806955
Week 5 logistic,3,3386,1,0.7037771480809552
Week 5 logistic,3,3399,1,0.26432463097839715
Week 5 logistic,3,3431,0,0.30267642456850224
Week 5 logistic,3,3445,1,0.3815212685355578
Week 5 logistic,3,3465,1,0.5878734170869359
Week 5 logistic,3,3471,0,0.4452555177781255
Week 5 logistic,3,3472,1,0.6075208120562939
Week 5 logistic,3,3540,1,0.5407287340969779
Week 5 logistic,3,3543,0,0.569341188739185
Week 5 logistic,3,3553,1,0.47139097493178256
Week 5 logistic,3,3568,0,0.1800935025037147
Week 5 logistic,3,3581,0,0.24720611243767318
Week 5 logistic,3,3584,1,0.35904454920499385
Week 5 logistic,3,3609,0,0.08481570930168661
Week 5 logistic,3,3611,0,0.2644442622949407
Week 5 logistic,3,3614,0,0.43361382674295856
Week 5 logistic,3,3625,0,0.4721629100569101
Week 5 logistic,3,3626,1,0.5958153467232842
Week 5 logistic,3,3649,0,0.5222198373491502
Week 5 logistic,3,3677,0,0.5928693902630133
Week 5 logistic,3,3707,0,0.3193789689777479
Week 5 logistic,3,3714,1,0.43351804647571246
Week 5 logistic,3,3767,1,0.4868759384222795
Week 5 logistic,3,3783,1,0.594056494527349
Week 5 logistic,3,3835,0,0.11599266693237124
Week 5 logistic,3,3846,1,0.4839516476883728
Week 5 logistic,3,3850,0,0.39245337148985215
Week 5 logistic,3,3855,0,0.2465670221844972
Week 5 logistic,3,3905,1,0.5724889972861931
Week 5 logistic,3,3929,0,0.4109025424643458
Week 5 logistic,3,3933,0,0.5778745262814713
Week 5 logistic,3,3952,1,0.4042974243395918
Week 5 logistic,3,3975,0,0.37515972227605504
Week 5 logistic,3,3990,1,0.09749387147462767
Week 5 logistic,3,3991,1,0.4534549532648389
Week 5 logistic,3,3998,1,0.3808550823516356
Week 5 logistic,3,4042,0,0.6265293914107196
Week 5 logistic,3,4052,0,0.13112071218072766
Week 5 logistic,3,4064,1,0.586823140196782
Week 5 logistic,3,4068,0,0.5696452982965501
Week 5 logistic,3,4079,0,0.55134040720021
Week 5 logistic,3,4082,0,0.30614338023852194
Week 5 logistic,3,4090,1,0.6046255546411449
Week 5 logistic,3,4140,0,0.5715848188626544
Week 5 logistic,3,4201,0,0.7678164225147569
Week 5 logistic,3,4211,0,0.47281746764833554
Week 5 logistic,3,4238,0,0.4959163656803528
Week 5 logistic,3,4263,0,0.4983036193778223
Week 5 logistic,3,4275,1,0.4625913046114557
Week 5 logistic,3,4277,0,0.37968921986898124
Week 5 logistic,3,4285,1,0.5741261750116746
Week 5 logistic,3,4288,0,0.6253108283250357
Week 5 logistic,3,4297,1,0.5398702433621189
Week 5 logistic,3,4305,0,0.32364067878265257
Week 5 logistic,3,4314,0,0.32119321481554264
Week 5 logistic,3,4336,1,0.4921079412800267
Week 5 logistic,3,4348,0,0.19627233597609425
Week 5 logistic,3,4413,1,0.299487831821249
Week 5 logistic,3,4418,0,0.18655917328321167
Week 5 logistic,3,4420,1,0.6058757593132463
Week 5 logistic,3,4422,0,0.6134924463049671
Week 5 logistic,3,4428,0,0.6162265884643404
Week 5 logistic,3,4503,1,0.6706704326101705
Week 5 logistic,3,4533,1,0.5679602193159526
Week 5 logistic,3,4537,1,0.3491876066630727
Week 5 logistic,3,4545,1,0.09155801692622129
Week 5 logistic,3,4566,1,0.49278410997071104
Week 5 logistic,3,4575,1,0.6744977569111517
Week 5 logistic,3,4583,0,0.1580733173175297
Week 5 logistic,3,4593,1,0.40954196794515746
Week 5 logistic,3,4603,0,0.37610358042758374
Week 5 logistic,3,4628,1,0.6622929556050478
Week 5 logistic,3,4635,1,0.545901571249636
Week 5 logistic,3,4646,1,0.5285900411007951
Week 5 logistic,3,4668,1,0.3634956542053424
Week 5 logistic,3,4685,0,0.38542938932262916
Week 5 logistic,3,4689,1,0.4070567510053576
Week 5 logistic,3,4694,1,0.3433867870968767
Week 5 logistic,3,4704,0,0.4286782458491732
Week 5 logistic,3,4708,0,0.7165015280298714
Week 5 logistic,3,4731,1,0.21518152558857517
Week 5 logistic,3,4732,1,0.5676926248122949
Week 5 logistic,3,4746,0,0.3452501268051686
Week 5 logistic,3,4777,1,0.46740512271518686
Week 5 logistic,3,4783,0,0.41577775553146257
Week 5 logistic,3,4805,0,0.34876414583248944
Week 5 logistic,3,4814,1,0.5165382058839194
Week 5 logistic,3,4821,0,0.24020815698252876
Week 5 logistic,3,4844,1,0.6550816607202644
Week 5 logistic,3,4845,0,0.4447754088149025
Week 5 logistic,3,4851,1,0.4833229652212531
Week 5 logistic,3,4859,0,0.44762526554398957
Week 5 logistic,3,4879,0,0.3665569193269801
Week 5 logistic,3,4898,0,0.5275432797253206
Week 5 logistic,3,4931,0,0.09268484513976107
Week 5 logistic,3,4945,0,0.3570218309235114
Week 5 logistic,3,4973,1,0.4083884467750376
No-history logistic,3,1,0,0.24627656655542499
No-history logistic,3,41,0,0.3026358107222386
No-history logistic,3,50,1,0.5118195069710139
No-history logistic,3,61,0,0.5335591761343346
No-history logistic,3,74,0,0.30956451840586585
No-history logistic,3,88,1,0.42779150518456494
No-history logistic,3,109,0,0.462899810695814
No-history logistic,3,127,1,0.49596788330953784
No-history logistic,3,172,0,0.5954665098934426
No-history logistic,3,173,1,0.44532017010645364
No-history logistic,3,174,0,0.47880923288269844
No-history logistic,3,176,1,0.3822334361924434
No-history logistic,3,206,0,0.5695129666059233
No-history logistic,3,211,0,0.3672740487851343
No-history logistic,3,233,0,0.36122323468780904
No-history logistic,3,246,1,0.5713020521346928
No-history logistic,3,256,0,0.19040842932805577
No-history logistic,3,316,1,0.645504527015337
No-history logistic,3,317,1,0.3138977633175655
No-history logistic,3,319,0,0.4213007325901457
No-history logistic,3,359,1,0.49561642487043506
No-history logistic,3,369,1,0.4678074759279305
No-history logistic,3,376,0,0.3808202930548662
No-history logistic,3,377,0,0.4748433785027374
No-history logistic,3,390,0,0.4391013921523726
No-history logistic,3,431,0,0.4413554197881282
No-history logistic,3,462,1,0.7100733468679419
No-history logistic,3,470,0,0.5536875874243958
No-history logistic,3,488,0,0.6151805109870051
No-history logistic,3,492,1,0.3368649393585969
No-history logistic,3,540,1,0.43744631768837067
No-history logistic,3,556,1,0.300878360159339
No-history logistic,3,602,1,0.12133522355741956
No-history logistic,3,630,1,0.5288651143320957
No-history logistic,3,644,0,0.5581115118953913
No-history logistic,3,656,1,0.6796151918324119
No-history logistic,3,661,0,0.4755870525347641
No-history logistic,3,675,0,0.3762726411011374
No-history logistic,3,680,0,0.3562789033520534
No-history logistic,3,696,1,0.3205940139990715
No-history logistic,3,712,1,0.6211279308742179
No-history logistic,3,713,1,0.5793076162771106
No-history logistic,3,733,1,0.5189135008585165
No-history logistic,3,738,0,0.47470454808601675
No-history logistic,3,756,0,0.5126795118698408
No-history logistic,3,759,1,0.10672573304230201
No-history logistic,3,773,0,0.21630803298921844
No-history logistic,3,792,0,0.4974982669726489
No-history logistic,3,804,1,0.46563600284763723
No-history logistic,3,863,0,0.3895808389143539
No-history logistic,3,877,1,0.4320877674523888
No-history logistic,3,894,1,0.7008496570365101
No-history logistic,3,905,0,0.39671700727146636
No-history logistic,3,910,1,0.41596350937960364
No-history logistic,3,1008,0,0.25161376309979994
No-history logistic,3,1035,0,0.24877536836288186
No-history logistic,3,1060,1,0.4896169034627109
No-history logistic,3,1063,0,0.20739405170730188
No-history logistic,3,1064,0,0.49344514650981613
No-history logistic,3,1072,0,0.6469957488739367
No-history logistic,3,1076,0,0.5052899935284331
No-history logistic,3,1133,1,0.5204527896051839
No-history logistic,3,1136,1,0.3158316279548194
No-history logistic,3,1138,1,0.2633547559875669
No-history logistic,3,1147,0,0.6398244137091385
No-history logistic,3,1148,1,0.37117254768038493
No-history logistic,3,1182,0,0.3748360310595542
No-history logistic,3,1193,0,0.276943380030957
No-history logistic,3,1203,0,0.3554309796986389
No-history logistic,3,1217,0,0.37300952017273037
No-history logistic,3,1233,0,0.3307203372998265
No-history logistic,3,1274,0,0.6152592694943686
No-history logistic,3,1275,0,0.18945317162406602
No-history logistic,3,1277,1,0.6261334704182268
No-history logistic,3,1280,0,0.09263162014978832
No-history logistic,3,1281,0,0.4107922868914169
No-history logistic,3,1300,0,0.5073705676207722
No-history logistic,3,1302,1,0.34243433830677755
No-history logistic,3,1326,0,0.30238889414856346
No-history logistic,3,1338,1,0.5830299853172112
No-history logistic,3,1348,1,0.645103064565315
No-history logistic,3,1377,0,0.3323522317513059
No-history logistic,3,1393,1,0.5085942085851998
No-history logistic,3,1448,1,0.4300346785004173
No-history logistic,3,1471,0,0.2800869584803237
No-history logistic,3,1509,0,0.2306631956609403
No-history logistic,3,1512,0,0.338880939382959
No-history logistic,3,1521,0,0.2635488713347796
No-history logistic,3,1538,0,0.46980660471836305
No-history logistic,3,1557,0,0.4111555666941671
No-history logistic,3,1590,1,0.10917494659424044
No-history logistic,3,1597,0,0.4962595967778517
No-history logistic,3,1599,0,0.1945957318436901
No-history logistic,3,1610,0,0.4410957986701523
No-history logistic,3,1613,1,0.24427725193656466
No-history logistic,3,1640,1,0.49556328570420305
No-history logistic,3,1666,0,0.25002252893845
No-history logistic,3,1669,1,0.5506427511641351
No-history logistic,3,1670,0,0.3462202089512492
No-history logistic,3,1673,0,0.5132795795895488
No-history logistic,3,1690,1,0.5644822515214042
No-history logistic,3,1713,0,0.5353511116404039
No-history logistic,3,1721,1,0.4911649936006711
No-history logistic,3,1723,1,0.5300529262175702
No-history logistic,3,1784,0,0.4505097751181738
No-history logistic,3,1789,0,0.5630712543166901
No-history logistic,3,1821,1,0.6009347400244107
No-history logistic,3,1824,0,0.5946089706003773
No-history logistic,3,1844,0,0.43525648940132433
No-history logistic,3,1867,0,0.536724502443199
No-history logistic,3,1869,1,0.28513356765170805
No-history logistic,3,1983,1,0.0954705012572997
No-history logistic,3,1994,1,0.5705282848370554
No-history logistic,3,2042,1,0.6085900867281706
No-history logistic,3,2056,0,0.4859433453571948
No-history logistic,3,2063,0,0.16861547513530592
No-history logistic,3,2066,0,0.13249741649034844
No-history logistic,3,2086,0,0.5850665719668763
No-history logistic,3,2098,0,0.5509910632758664
No-history logistic,3,2106,1,0.3613268078516655
No-history logistic,3,2114,1,0.5224188694511698
No-history logistic,3,2120,1,0.5008782295675633
No-history logistic,3,2124,0,0.2637815852915626
No-history logistic,3,2130,0,0.49563043949430646
No-history logistic,3,2140,0,0.44245207356611677
No-history logistic,3,2173,1,0.5172502819297791
No-history logistic,3,2175,1,0.5925343125438081
No-history logistic,3,2211,0,0.09675301591789232
No-history logistic,3,2267,0,0.5655699560729097
No-history logistic,3,2280,1,0.5096046562500675
No-history logistic,3,2284,0,0.379386498613629
No-history logistic,3,2293,0,0.5115550232418921
No-history logistic,3,2294,1,0.3934210262020634
No-history logistic,3,2319,1,0.2124270314338011
No-history logistic,3,2324,0,0.49083812599124926
No-history logistic,3,2343,1,0.5451633083421551
No-history logistic,3,2347,0,0.4340466371607076
No-history logistic,3,2352,1,0.4890161133735538
No-history logistic,3,2361,0,0.7178506640537764
No-history logistic,3,2399,1,0.5161320785053715
No-history logistic,3,2402,1,0.3557621651980244
No-history logistic,3,2446,0,0.4991294398192197
No-history logistic,3,2502,0,0.5859124436123958
No-history logistic,3,2516,0,0.13470143527131387
No-history logistic,3,2572,0,0.4133577838789915
No-history logistic,3,2574,1,0.5640538897428192
No-history logistic,3,2597,0,0.4806215461976198
No-history logistic,3,2604,1,0.2725016005141287
No-history logistic,3,2605,1,0.46669609750548297
No-history logistic,3,2661,1,0.5809215443211643
No-history logistic,3,2708,1,0.5426308407595379
No-history logistic,3,2841,1,0.37420059068690736
No-history logistic,3,2842,0,0.724003478392247
No-history logistic,3,2858,1,0.3180209623317477
No-history logistic,3,2921,1,0.5093117908052281
No-history logistic,3,2936,0,0.3773655063067223
No-history logistic,3,2942,1,0.5981034071850667
No-history logistic,3,2964,0,0.21993001154342895
No-history logistic,3,2968,0,0.16471951469931856
No-history logistic,3,2994,1,0.65417497695183
No-history logistic,3,3013,0,0.5989760221981111
No-history logistic,3,3019,0,0.5656496720347799
No-history logistic,3,3027,0,0.23976093637950907
No-history logistic,3,3030,0,0.5285408504911937
No-history logistic,3,3046,1,0.5874827833252713
No-history logistic,3,3052,1,0.5290476723562219
No-history logistic,3,3095,1,0.4339890330600635
No-history logistic,3,3104,0,0.36979975500829015
No-history logistic,3,3111,1,0.6239518279494323
No-history logistic,3,3132,0,0.6741640328126159
No-history logistic,3,3144,1,0.5582753588819352
No-history logistic,3,3156,0,0.26019960496897626
No-history logistic,3,3166,0,0.3165920043429957
No-history logistic,3,3186,1,0.5405432127796671
No-history logistic,3,3194,0,0.37948721276297026
No-history logistic,3,3202,1,0.5165990529257
No-history logistic,3,3222,1,0.516425821527572
No-history logistic,3,3223,1,0.5764713060709763
No-history logistic,3,3225,1,0.632119440881672
No-history logistic,3,3228,1,0.5480480404632818
No-history logistic,3,3246,0,0.6102897537249306
No-history logistic,3,3251,1,0.33176255070388017
No-history logistic,3,3266,0,0.3379175660573507
No-history logistic,3,3281,1,0.5173552419877006
No-history logistic,3,3386,1,0.582141492162657
No-history logistic,3,3399,1,0.2985602418390383
No-history logistic,3,3431,0,0.41611067874567353
No-history logistic,3,3445,1,0.44866264920571824
No-history logistic,3,3465,1,0.5582368822254948
No-history logistic,3,3471,0,0.40829124380537085
No-history logistic,3,3472,1,0.5565578038283321
No-history logistic,3,3540,1,0.5896237193449929
No-history logistic,3,3543,0,0.5248845102745147
No-history logistic,3,3553,1,0.43846547146367976
No-history logistic,3,3568,0,0.1641077374857486
No-history logistic,3,3581,0,0.29200655789282237
No-history logistic,3,3584,1,0.3286710081020278
No-history logistic,3,3609,0,0.1010989800271397
No-history logistic,3,3611,0,0.3302250828565457
No-history logistic,3,3614,0,0.4255969747302911
No-history logistic,3,3625,0,0.47224533107434363
No-history logistic,3,3626,1,0.6094312018967318
No-history logistic,3,3649,0,0.39298247713212475
No-history logistic,3,3677,0,0.5484204510655537
No-history logistic,3,3707,0,0.2488771054528442
No-history logistic,3,3714,1,0.5058539106700228
No-history logistic,3,3767,1,0.5568850136192414
No-history logistic,3,3783,1,0.7000242614702081
No-history logistic,3,3835,0,0.09307247240565314
No-history logistic,3,3846,1,0.446869650554623
No-history logistic,3,3850,0,0.42479459696414607
No-history logistic,3,3855,0,0.27763100362736826
No-history logistic,3,3905,1,0.5334640018409041
No-history logistic,3,3929,0,0.3416071088569687
No-history logistic,3,3933,0,0.44565542603445707
No-history logistic,3,3952,1,0.44012985921098974
No-history logistic,3,3975,0,0.2999074056825943
No-history logistic,3,3990,1,0.08929670352637524
No-history logistic,3,3991,1,0.5086952266990886
No-history logistic,3,3998,1,0.3378309351662618
No-history logistic,3,4042,0,0.589710557696458
No-history logistic,3,4052,0,0.19760724890570133
No-history logistic,3,4064,1,0.5376914184994072
No-history logistic,3,4068,0,0.602030261945808
No-history logistic,3,4079,0,0.5474293053158905
No-history logistic,3,4082,0,0.36910322074501895
No-history logistic,3,4090,1,0.5387701641929837
No-history logistic,3,4140,0,0.5802685046884408
No-history logistic,3,4201,0,0.6356066190723709
No-history logistic,3,4211,0,0.4707166650602113
No-history logistic,3,4238,0,0.5689475471714631
No-history logistic,3,4263,0,0.5515179751033605
No-history logistic,3,4275,1,0.5792429726790749
No-history logistic,3,4277,0,0.3964750188094727
No-history logistic,3,4285,1,0.5351854559773815
No-history logistic,3,4288,0,0.579108332708609
No-history logistic,3,4297,1,0.49656825435565266
No-history logistic,3,4305,0,0.39599371817742374
No-history logistic,3,4314,0,0.3400867871912145
No-history logistic,3,4336,1,0.5646952867238485
No-history logistic,3,4348,0,0.1743377957163507
No-history logistic,3,4413,1,0.2697817551448081
No-history logistic,3,4418,0,0.23474864011288538
No-history logistic,3,4420,1,0.5546472728700204
No-history logistic,3,4422,0,0.568403520380853
No-history logistic,3,4428,0,0.5458245328688939
No-history logistic,3,4503,1,0.6382961917149351
No-history logistic,3,4533,1,0.5331292607287115
No-history logistic,3,4537,1,0.41931566632057915
No-history logistic,3,4545,1,0.10635786556140613
No-history logistic,3,4566,1,0.3935187922022135
No-history logistic,3,4575,1,0.6064730746463558
No-history logistic,3,4583,0,0.1698953165871778
No-history logistic,3,4593,1,0.4452716227154294
No-history logistic,3,4603,0,0.41272922287158603
No-history logistic,3,4628,1,0.6260839034824177
No-history logistic,3,4635,1,0.6178090612949054
No-history logistic,3,4646,1,0.491300328913169
No-history logistic,3,4668,1,0.4196892829478971
No-history logistic,3,4685,0,0.4083470061844119
No-history logistic,3,4689,1,0.4574731516783141
No-history logistic,3,4694,1,0.30821037009800434
No-history logistic,3,4704,0,0.30462058356571736
No-history logistic,3,4708,0,0.6269908594062167
No-history logistic,3,4731,1,0.26895169315092204
No-history logistic,3,4732,1,0.5232865831692367
No-history logistic,3,4746,0,0.40924966956603576
No-history logistic,3,4777,1,0.5332859007244072
No-history logistic,3,4783,0,0.44664839646227733
No-history logistic,3,4805,0,0.33329459200101935
No-history logistic,3,4814,1,0.5538183356317429
No-history logistic,3,4821,0,0.2890599785090779
No-history logistic,3,4844,1,0.61622017461225
No-history logistic,3,4845,0,0.43982319520410473
No-history logistic,3,4851,1,0.4480954628404259
No-history logistic,3,4859,0,0.4497431739341398
No-history logistic,3,4879,0,0.34206827548638025
No-history logistic,3,4898,0,0.599536806063021
No-history logistic,3,4931,0,0.10626145671347506
No-history logistic,3,4945,0,0.4255292102967844
No-history logistic,3,4973,1,0.5265211506616684
Random forest,3,1,0,0.24769808039200197
Random forest,3,41,0,0.24544711153164786
Random forest,3,50,1,0.4451307055679505
Random forest,3,61,0,0.47439375521791016
Random forest,3,74,0,0.2809202277744634
Random forest,3,88,1,0.3246889591048464
Random forest,3,109,0,0.3652884625377448
Random forest,3,127,1,0.41584479581708395
Random forest,3,172,0,0.6209846731160824
Random forest,3,173,1,0.4191184218955813
Random forest,3,174,0,0.48415658230944336
Random forest,3,176,1,0.26459785454427515
Random forest,3,206,0,0.6049829772590968
Random forest,3,211,0,0.3488585652808288
Random forest,3,233,0,0.23789906840066558
Random forest,3,246,1,0.5149851963712445
Random forest,3,256,0,0.1915626281619626
Random forest,3,316,1,0.5912901915368293
Random forest,3,317,1,0.38657406441924386
Random forest,3,319,0,0.4250336421510905
Random forest,3,359,1,0.2940084938214608
Random forest,3,369,1,0.40729534163586195
Random forest,3,376,0,0.3272944011372434
Random forest,3,377,0,0.4738186725351949
Random forest,3,390,0,0.4114812292726187
Random forest,3,431,0,0.3516168492650784
Random forest,3,462,1,0.5425745255284165
Random forest,3,470,0,0.5799198860680663
Random forest,3,488,0,0.6365350560124523
Random forest,3,492,1,0.4101583114018043
Random forest,3,540,1,0.3633362174000002
Random forest,3,556,1,0.20285281466654786
Random forest,3,602,1,0.2776447647729789
Random forest,3,630,1,0.5004344525850868
Random forest,3,644,0,0.683340305589823
Random forest,3,656,1,0.7172569683461301
Random forest,3,661,0,0.3019158314033659
Random forest,3,675,0,0.2888875422268383
Random forest,3,680,0,0.2067270583646561
Random forest,3,696,1,0.47286200934272293
Random forest,3,712,1,0.524436885981556
Random forest,3,713,1,0.6066133651567923
Random forest,3,733,1,0.3206593092416018
Random forest,3,738,0,0.517967993846362
Random forest,3,756,0,0.5065164696534695
Random forest,3,759,1,0.17839250704912715
Random forest,3,773,0,0.47787545033314033
Random forest,3,792,0,0.4999962092971035
Random forest,3,804,1,0.4353987378901255
Random forest,3,863,0,0.3084102376807349
Random forest,3,877,1,0.24872553513470713
Random forest,3,894,1,0.4951445382854228
Random forest,3,905,0,0.3138189745839421
Random forest,3,910,1,0.3334030339027596
Random forest,3,1008,0,0.3247235650216744
Random forest,3,1035,0,0.23311328783449395
Random forest,3,1060,1,0.3532550909207501
Random forest,3,1063,0,0.19299742557175892
Random forest,3,1064,0,0.3608870934971876
Random forest,3,1072,0,0.5911719746759846
Random forest,3,1076,0,0.42538162465565543
Random forest,3,1133,1,0.5130724120690595
Random forest,3,1136,1,0.3111406909816017
Random forest,3,1138,1,0.36054459179281406
Random forest,3,1147,0,0.7531263402814531
Random forest,3,1148,1,0.43042321423365726
Random forest,3,1182,0,0.22370886832973189
Random forest,3,1193,0,0.4485954799186625
Random forest,3,1203,0,0.4209598279218199
Random forest,3,1217,0,0.32921746571870597
Random forest,3,1233,0,0.4334787928339264
Random forest,3,1274,0,0.5590135886038934
Random forest,3,1275,0,0.17619593167018155
Random forest,3,1277,1,0.5485807474781407
Random forest,3,1280,0,0.19910602521497733
Random forest,3,1281,0,0.29444262609053556
Random forest,3,1300,0,0.5413025021475486
Random forest,3,1302,1,0.42392436348642704
Random forest,3,1326,0,0.2581174081764594
Random forest,3,1338,1,0.8091360765226508
Random forest,3,1348,1,0.612068246869206
Random forest,3,1377,0,0.38032250372563375
Random forest,3,1393,1,0.5002879003703692
Random forest,3,1448,1,0.29106583786587953
Random forest,3,1471,0,0.1703796435717745
Random forest,3,1509,0,0.2654159832233597
Random forest,3,1512,0,0.29516740938994607
Random forest,3,1521,0,0.46012561548066316
Random forest,3,1538,0,0.36157806108233975
Random forest,3,1557,0,0.38782984360807204
Random forest,3,1590,1,0.211692775797536
Random forest,3,1597,0,0.40019234352425237
Random forest,3,1599,0,0.3864301328444691
Random forest,3,1610,0,0.4774423641002981
Random forest,3,1613,1,0.2154549546027983
Random forest,3,1640,1,0.5146515110755708
Random forest,3,1666,0,0.340667465471017
Random forest,3,1669,1,0.44154038991899947
Random forest,3,1670,0,0.3987623671081568
Random forest,3,1673,0,0.5195261142853669
Random forest,3,1690,1,0.4923265181556444
Random forest,3,1713,0,0.5143246940197694
Random forest,3,1721,1,0.35833438570932263
Random forest,3,1723,1,0.5523232744006032
Random forest,3,1784,0,0.3829353575345033
Random forest,3,1789,0,0.5887913019276175
Random forest,3,1821,1,0.6265292861710301
Random forest,3,1824,0,0.4639625488351015
Random forest,3,1844,0,0.354786209800607
Random forest,3,1867,0,0.4501128910450102
Random forest,3,1869,1,0.30484657314099206
Random forest,3,1983,1,0.34160945510147245
Random forest,3,1994,1,0.5643565750094865
Random forest,3,2042,1,0.585297952895606
Random forest,3,2056,0,0.353198636795796
Random forest,3,2063,0,0.3343021551174277
Random forest,3,2066,0,0.2844244784362136
Random forest,3,2086,0,0.4007161973497184
Random forest,3,2098,0,0.4240515320366554
Random forest,3,2106,1,0.2391940021534412
Random forest,3,2114,1,0.40178678970274867
Random forest,3,2120,1,0.42322308867536584
Random forest,3,2124,0,0.23503602895727485
Random forest,3,2130,0,0.3518610473537288
Random forest,3,2140,0,0.47967067076149095
Random forest,3,2173,1,0.38519687170861155
Random forest,3,2175,1,0.533436790219048
Random forest,3,2211,0,0.18125739492144846
Random forest,3,2267,0,0.4653338045791221
Random forest,3,2280,1,0.5513232967216877
Random forest,3,2284,0,0.319411384704865
Random forest,3,2293,0,0.3508807028074402
Random forest,3,2294,1,0.27220286759126444
Random forest,3,2319,1,0.32870128775687635
Random forest,3,2324,0,0.40609779079731
Random forest,3,2343,1,0.5464242740620986
Random forest,3,2347,0,0.39491443496163564
Random forest,3,2352,1,0.3638226153299599
Random forest,3,2361,0,0.6459415384063232
Random forest,3,2399,1,0.36610078394428025
Random forest,3,2402,1,0.21604289036086644
Random forest,3,2446,0,0.5561759805633186
Random forest,3,2502,0,0.7438577847568092
Random forest,3,2516,0,0.25859026935016105
Random forest,3,2572,0,0.3089962793830703
Random forest,3,2574,1,0.46538416163358143
Random forest,3,2597,0,0.3431754640298726
Random forest,3,2604,1,0.22031362810401542
Random forest,3,2605,1,0.3508182410483742
Random forest,3,2661,1,0.4309170323772932
Random forest,3,2708,1,0.5355157360818468
Random forest,3,2841,1,0.2979399613307471
Random forest,3,2842,0,0.7280112478060762
Random forest,3,2858,1,0.2865613940006792
Random forest,3,2921,1,0.5489005619677947
Random forest,3,2936,0,0.3066864821319904
Random forest,3,2942,1,0.49629735562776145
Random forest,3,2964,0,0.23372638136312238
Random forest,3,2968,0,0.3493925939365146
Random forest,3,2994,1,0.8742131955160466
Random forest,3,3013,0,0.5945925839156253
Random forest,3,3019,0,0.6008303107892993
Random forest,3,3027,0,0.2440227246368041
Random forest,3,3030,0,0.5389972646598463
Random forest,3,3046,1,0.40383418311823704
Random forest,3,3052,1,0.542934396765121
Random forest,3,3095,1,0.2980856216458055
Random forest,3,3104,0,0.4607539886929552
Random forest,3,3111,1,0.7438588942637812
Random forest,3,3132,0,0.6887181290620775
Random forest,3,3144,1,0.5658228796512712
Random forest,3,3156,0,0.2684605344932894
Random forest,3,3166,0,0.4043343432425256
Random forest,3,3186,1,0.4723736723170577
Random forest,3,3194,0,0.2843918874944517
Random forest,3,3202,1,0.5066444744804027
Random forest,3,3222,1,0.4908528918435672
Random forest,3,3223,1,0.80789765008259
Random forest,3,3225,1,0.7257609458488072
Random forest,3,3228,1,0.552672655816072
Random forest,3,3246,0,0.5734784619630247
Random forest,3,3251,1,0.21374962580932447
Random forest,3,3266,0,0.4753495561846939
Random forest,3,3281,1,0.45684143151974765
Random forest,3,3386,1,0.6512197119461343
Random forest,3,3399,1,0.3136211176538988
Random forest,3,3431,0,0.26667810780394036
Random forest,3,3445,1,0.3718934338910595
Random forest,3,3465,1,0.8135623114130678
Random forest,3,3471,0,0.4613808255103951
Random forest,3,3472,1,0.5311788669181841
Random forest,3,3540,1,0.5235852790924863
Random forest,3,3543,0,0.5077511353321541
Random forest,3,3553,1,0.4535711294533663
Random forest,3,3568,0,0.24514956104963198
Random forest,3,3581,0,0.24324149302572448
Random forest,3,3584,1,0.41110190187825785
Random forest,3,3609,0,0.2862117890351523
Random forest,3,3611,0,0.23754969952806143
Random forest,3,3614,0,0.4029861525284778
Random forest,3,3625,0,0.4111072878896409
Random forest,3,3626,1,0.5721820565369934
Random forest,3,3649,0,0.44095655651200416
Random forest,3,3677,0,0.5649637032981935
Random forest,3,3707,0,0.37570629373414166
Random forest,3,3714,1,0.41453412786437605
Random forest,3,3767,1,0.3856854848205005
Random forest,3,3783,1,0.5717909749787133
Random forest,3,3835,0,0.3285095682725841
Random forest,3,3846,1,0.38877478376327496
Random forest,3,3850,0,0.46303831025389813
Random forest,3,3855,0,0.18102963502573857
Random forest,3,3905,1,0.6309025142608367
Random forest,3,3929,0,0.4428146062155903
Random forest,3,3933,0,0.45648305160142594
Random forest,3,3952,1,0.3035610775419718
Random forest,3,3975,0,0.4955818893574633
Random forest,3,3990,1,0.3086353668151372
Random forest,3,3991,1,0.3461382432581419
Random forest,3,3998,1,0.42122392735211706
Random forest,3,4042,0,0.5166228931673474
Random forest,3,4052,0,0.20340732964086264
Random forest,3,4064,1,0.6343685699591307
Random forest,3,4068,0,0.45782242405472645
Random forest,3,4079,0,0.39279909449714573
Random forest,3,4082,0,0.35938664533896564
Random forest,3,4090,1,0.5554693878312582
Random forest,3,4140,0,0.5698708004676749
Random forest,3,4201,0,0.6659717162428298
Random forest,3,4211,0,0.48741396084830574
Random forest,3,4238,0,0.4876579189409458
Random forest,3,4263,0,0.3796378830668864
Random forest,3,4275,1,0.4274923513242029
Random forest,3,4277,0,0.3213635205482591
Random forest,3,4285,1,0.552733831855624
Random forest,3,4288,0,0.5043335348653155
Random forest,3,4297,1,0.5466530631567532
Random forest,3,4305,0,0.31543726775605785
Random forest,3,4314,0,0.3121855953707829
Random forest,3,4336,1,0.39070308300142786
Random forest,3,4348,0,0.3144275762323992
Random forest,3,4413,1,0.3301707311049789
Random forest,3,4418,0,0.1906714865321382
Random forest,3,4420,1,0.4678888894422567
Random forest,3,4422,0,0.5481352278832712
Random forest,3,4428,0,0.4934454279880189
Random forest,3,4503,1,0.619880966103061
Random forest,3,4533,1,0.6050242740823069
Random forest,3,4537,1,0.20144000818458196
Random forest,3,4545,1,0.26883696394779105
Random forest,3,4566,1,0.37316682544469737
Random forest,3,4575,1,0.6392253118623997
Random forest,3,4583,0,0.23603811144582043
Random forest,3,4593,1,0.3164074950057925
Random forest,3,4603,0,0.2821167826650299
Random forest,3,4628,1,0.6826160615660669
Random forest,3,4635,1,0.4618063161330594
Random forest,3,4646,1,0.5389316010600862
Random forest,3,4668,1,0.3156130097708252
Random forest,3,4685,0,0.25514855643796824
Random forest,3,4689,1,0.28888425456652833
Random forest,3,4694,1,0.34933951445945455
Random forest,3,4704,0,0.40409265588850696
Random forest,3,4708,0,0.7438445450158708
Random forest,3,4731,1,0.2884980917615682
Random forest,3,4732,1,0.5950867712711637
Random forest,3,4746,0,0.3212818173606848
Random forest,3,4777,1,0.4452224951563212
Random forest,3,4783,0,0.5004417976789536
Random forest,3,4805,0,0.2961904204286071
Random forest,3,4814,1,0.4433631704272934
Random forest,3,4821,0,0.23747810709631711
Random forest,3,4844,1,0.7260864563388306
Random forest,3,4845,0,0.44475293409238764
Random forest,3,4851,1,0.4560522325867113
Random forest,3,4859,0,0.34385862154157537
Random forest,3,4879,0,0.352436547242715
Random forest,3,4898,0,0.5372581533683027
Random forest,3,4931,0,0.22315582586996205
Random forest,3,4945,0,0.31985660111211345
Random forest,3,4973,1,0.47824627429639066
Gradient boosting,3,1,0,0.2444569963072175
Gradient boosting,3,41,0,0.2544109392958508
Gradient boosting,3,50,1,0.4339383340571841
Gradient boosting,3,61,0,0.482591176177882
Gradient boosting,3,74,0,0.27271114718291606
Gradient boosting,3,88,1,0.34973121882103925
Gradient boosting,3,109,0,0.34683172270738716
Gradient boosting,3,127,1,0.41866285181420565
Gradient boosting,3,172,0,0.610953158476021
Gradient boosting,3,173,1,0.41062342944796226
Gradient boosting,3,174,0,0.3740539863282888
Gradient boosting,3,176,1,0.2929499291640634
Gradient boosting,3,206,0,0.5817121306137981
Gradient boosting,3,211,0,0.40648717886422936
Gradient boosting,3,233,0,0.23620138598622312
Gradient boosting,3,246,1,0.5428867605161752
Gradient boosting,3,256,0,0.2264688994066535
Gradient boosting,3,316,1,0.5722232045482252
Gradient boosting,3,317,1,0.4263032919218067
Gradient boosting,3,319,0,0.4068248148725688
Gradient boosting,3,359,1,0.2873612129531715
Gradient boosting,3,369,1,0.4361169562847836
Gradient boosting,3,376,0,0.31446707870868523
Gradient boosting,3,377,0,0.49786653222583815
Gradient boosting,3,390,0,0.4067542430132778
Gradient boosting,3,431,0,0.3548345686832799
Gradient boosting,3,462,1,0.5347619433178926
Gradient boosting,3,470,0,0.6081877454120114
Gradient boosting,3,488,0,0.6247514603617558
Gradient boosting,3,492,1,0.4342584539597243
Gradient boosting,3,540,1,0.3293703724223668
Gradient boosting,3,556,1,0.2466615770976751
Gradient boosting,3,602,1,0.30963486431157244
Gradient boosting,3,630,1,0.5110786182939171
Gradient boosting,3,644,0,0.7379019588739758
Gradient boosting,3,656,1,0.7122557087787468
Gradient boosting,3,661,0,0.41208923755625304
Gradient boosting,3,675,0,0.3748663162100926
Gradient boosting,3,680,0,0.17607806040722312
Gradient boosting,3,696,1,0.49830194850464565
Gradient boosting,3,712,1,0.4874822096050076
Gradient boosting,3,713,1,0.5699855683367001
Gradient boosting,3,733,1,0.34183555425645945
Gradient boosting,3,738,0,0.48143004948935864
Gradient boosting,3,756,0,0.4343800863069105
Gradient boosting,3,759,1,0.2008282459971905
Gradient boosting,3,773,0,0.52805248416808
Gradient boosting,3,792,0,0.4306554263208892
Gradient boosting,3,804,1,0.42159882930589904
Gradient boosting,3,863,0,0.301908201838865
Gradient boosting,3,877,1,0.25316533097394467
Gradient boosting,3,894,1,0.5905806526483894
Gradient boosting,3,905,0,0.2756383653405827
Gradient boosting,3,910,1,0.3321281987137722
Gradient boosting,3,1008,0,0.30945744154660454
Gradient boosting,3,1035,0,0.19256587533434177
Gradient boosting,3,1060,1,0.3615216645929398
Gradient boosting,3,1063,0,0.18237841668871743
Gradient boosting,3,1064,0,0.38771427687106924
Gradient boosting,3,1072,0,0.6518778023179056
Gradient boosting,3,1076,0,0.36574977424774086
Gradient boosting,3,1133,1,0.5212738476971027
Gradient boosting,3,1136,1,0.327532214333051
Gradient boosting,3,1138,1,0.31640572025763786
Gradient boosting,3,1147,0,0.7149687775612453
Gradient boosting,3,1148,1,0.397128081626159
Gradient boosting,3,1182,0,0.23739808315259836
Gradient boosting,3,1193,0,0.409565731067374
Gradient boosting,3,1203,0,0.3704461435928734
Gradient boosting,3,1217,0,0.3278019017222077
Gradient boosting,3,1233,0,0.3920625769740387
Gradient boosting,3,1274,0,0.5572237674534886
Gradient boosting,3,1275,0,0.1784745589935891
Gradient boosting,3,1277,1,0.5168517813088593
Gradient boosting,3,1280,0,0.1631730856197206
Gradient boosting,3,1281,0,0.31679525852768686
Gradient boosting,3,1300,0,0.5320949964362802
Gradient boosting,3,1302,1,0.4264727916951011
Gradient boosting,3,1326,0,0.31536068720831434
Gradient boosting,3,1338,1,0.7534510892194618
Gradient boosting,3,1348,1,0.5421647792402718
Gradient boosting,3,1377,0,0.3162070572484895
Gradient boosting,3,1393,1,0.47565580778110333
Gradient boosting,3,1448,1,0.2935671333067035
Gradient boosting,3,1471,0,0.18511929128638255
Gradient boosting,3,1509,0,0.2607569893278029
Gradient boosting,3,1512,0,0.2967954597781596
Gradient boosting,3,1521,0,0.3907232187024945
Gradient boosting,3,1538,0,0.354211434838374
Gradient boosting,3,1557,0,0.5297047907558669
Gradient boosting,3,1590,1,0.18893928362516837
Gradient boosting,3,1597,0,0.40105675848441447
Gradient boosting,3,1599,0,0.3737244850943481
Gradient boosting,3,1610,0,0.42206827741716274
Gradient boosting,3,1613,1,0.2085943921621986
Gradient boosting,3,1640,1,0.5369779477376613
Gradient boosting,3,1666,0,0.313392250531164
Gradient boosting,3,1669,1,0.41358595874270215
Gradient boosting,3,1670,0,0.4014632197344402
Gradient boosting,3,1673,0,0.5568076194507147
Gradient boosting,3,1690,1,0.4473117719880714
Gradient boosting,3,1713,0,0.492690756073549
Gradient boosting,3,1721,1,0.3859125349545535
Gradient boosting,3,1723,1,0.5835582560793212
Gradient boosting,3,1784,0,0.3447178165271058
Gradient boosting,3,1789,0,0.6288050420359237
Gradient boosting,3,1821,1,0.5464218335656431
Gradient boosting,3,1824,0,0.5202104318237785
Gradient boosting,3,1844,0,0.36583909316568675
Gradient boosting,3,1867,0,0.41599106716934187
Gradient boosting,3,1869,1,0.357020582608708
Gradient boosting,3,1983,1,0.2989103101760888
Gradient boosting,3,1994,1,0.5698261829688137
Gradient boosting,3,2042,1,0.582393929423437
Gradient boosting,3,2056,0,0.29773120230781625
Gradient boosting,3,2063,0,0.3747204065998548
Gradient boosting,3,2066,0,0.30721463038239133
Gradient boosting,3,2086,0,0.40842449824450067
Gradient boosting,3,2098,0,0.44204460521567573
Gradient boosting,3,2106,1,0.2296961343956871
Gradient boosting,3,2114,1,0.4234505516389416
Gradient boosting,3,2120,1,0.4483952795953723
Gradient boosting,3,2124,0,0.20610658676782484
Gradient boosting,3,2130,0,0.35618459656497514
Gradient boosting,3,2140,0,0.45997566205994544
Gradient boosting,3,2173,1,0.3910407823830829
Gradient boosting,3,2175,1,0.44762335475506687
Gradient boosting,3,2211,0,0.2003843721430497
Gradient boosting,3,2267,0,0.44607128682125113
Gradient boosting,3,2280,1,0.47929936601971224
Gradient boosting,3,2284,0,0.35848195736658994
Gradient boosting,3,2293,0,0.4289500734408093
Gradient boosting,3,2294,1,0.3079510632992167
Gradient boosting,3,2319,1,0.4148221381847356
Gradient boosting,3,2324,0,0.4214718149244593
Gradient boosting,3,2343,1,0.48750907969116564
Gradient boosting,3,2347,0,0.39011723052381253
Gradient boosting,3,2352,1,0.38771427687106924
Gradient boosting,3,2361,0,0.6912584865298987
Gradient boosting,3,2399,1,0.303128107043344
Gradient boosting,3,2402,1,0.2156184373579491
Gradient boosting,3,2446,0,0.5274382550242387
Gradient boosting,3,2502,0,0.7651687022785493
Gradient boosting,3,2516,0,0.34019539109770286
Gradient boosting,3,2572,0,0.32053920118545026
Gradient boosting,3,2574,1,0.38469204945954055
Gradient boosting,3,2597,0,0.339306124455975
Gradient boosting,3,2604,1,0.2374228567739901
Gradient boosting,3,2605,1,0.37962624470006184
Gradient boosting,3,2661,1,0.47884700684841935
Gradient boosting,3,2708,1,0.5635862475903182
Gradient boosting,3,2841,1,0.26265786996578516
Gradient boosting,3,2842,0,0.6814042617891728
Gradient boosting,3,2858,1,0.3426215973236687
Gradient boosting,3,2921,1,0.4709321118024124
Gradient boosting,3,2936,0,0.3379566104211465
Gradient boosting,3,2942,1,0.5255807424128048
Gradient boosting,3,2964,0,0.2814191013430179
Gradient boosting,3,2968,0,0.41136143419396354
Gradient boosting,3,2994,1,0.8131092717267916
Gradient boosting,3,3013,0,0.635110340926821
Gradient boosting,3,3019,0,0.623493925954384
Gradient boosting,3,3027,0,0.2469253188682049
Gradient boosting,3,3030,0,0.6226754827913052
Gradient boosting,3,3046,1,0.44282781888393125
Gradient boosting,3,3052,1,0.5624655745768441
Gradient boosting,3,3095,1,0.2963503904271538
Gradient boosting,3,3104,0,0.4452249816249912
Gradient boosting,3,3111,1,0.7254333122902094
Gradient boosting,3,3132,0,0.7316759928806484
Gradient boosting,3,3144,1,0.5592585263686324
Gradient boosting,3,3156,0,0.2617085786134705
Gradient boosting,3,3166,0,0.4053018826867172
Gradient boosting,3,3186,1,0.44627142978097667
Gradient boosting,3,3194,0,0.3056745930616758
Gradient boosting,3,3202,1,0.502176572252033
Gradient boosting,3,3222,1,0.5159657815804225
Gradient boosting,3,3223,1,0.7159339436626321
Gradient boosting,3,3225,1,0.726697493905388
Gradient boosting,3,3228,1,0.5186418796196052
Gradient boosting,3,3246,0,0.5090142196905162
Gradient boosting,3,3251,1,0.2724835153229095
Gradient boosting,3,3266,0,0.4924993534355971
Gradient boosting,3,3281,1,0.4377334620989034
Gradient boosting,3,3386,1,0.5575466461602333
Gradient boosting,3,3399,1,0.2708127464415587
Gradient boosting,3,3431,0,0.2957226047086047
Gradient boosting,3,3445,1,0.37985318184300254
Gradient boosting,3,3465,1,0.6739363186248968
Gradient boosting,3,3471,0,0.48727558760547574
Gradient boosting,3,3472,1,0.5936841716075936
Gradient boosting,3,3540,1,0.4818930930547227
Gradient boosting,3,3543,0,0.5199953913698705
Gradient boosting,3,3553,1,0.47574385386505436
Gradient boosting,3,3568,0,0.2549798545454103
Gradient boosting,3,3581,0,0.21807809208724896
Gradient boosting,3,3584,1,0.3777601894528978
Gradient boosting,3,3609,0,0.31633731414065
Gradient boosting,3,3611,0,0.25199389465307354
Gradient boosting,3,3614,0,0.4133639220864351
Gradient boosting,3,3625,0,0.4021373255093128
Gradient boosting,3,3626,1,0.6210282308017242
Gradient boosting,3,3649,0,0.39684390848200524
Gradient boosting,3,3677,0,0.6328991675539405
Gradient boosting,3,3707,0,0.35917331424666005
Gradient boosting,3,3714,1,0.4831788669258892
Gradient boosting,3,3767,1,0.41603879405284033
Gradient boosting,3,3783,1,0.6655681387574169
Gradient boosting,3,3835,0,0.27790512899140596
Gradient boosting,3,3846,1,0.41807379858174176
Gradient boosting,3,3850,0,0.4282312907271575
Gradient boosting,3,3855,0,0.20655123992627164
Gradient boosting,3,3905,1,0.5518087216250054
Gradient boosting,3,3929,0,0.4287545971925748
Gradient boosting,3,3933,0,0.3816406070293557
Gradient boosting,3,3952,1,0.3009412719243626
Gradient boosting,3,3975,0,0.5406386348104844
Gradient boosting,3,3990,1,0.30432137160782535
Gradient boosting,3,3991,1,0.3859125349545535
Gradient boosting,3,3998,1,0.46026364363668915
Gradient boosting,3,4042,0,0.5479539283225536
Gradient boosting,3,4052,0,0.1821336658375113
Gradient boosting,3,4064,1,0.6903384811389931
Gradient boosting,3,4068,0,0.49630623293492154
Gradient boosting,3,4079,0,0.4225669409509617
Gradient boosting,3,4082,0,0.3675634264549004
Gradient boosting,3,4090,1,0.6443308103498717
Gradient boosting,3,4140,0,0.49546964322348785
Gradient boosting,3,4201,0,0.7150439151338359
Gradient boosting,3,4211,0,0.36552532699024176
Gradient boosting,3,4238,0,0.5175889260144452
Gradient boosting,3,4263,0,0.43810421698658336
Gradient boosting,3,4275,1,0.41565762061645556
Gradient boosting,3,4277,0,0.33219392405296905
Gradient boosting,3,4285,1,0.5674973564752887
Gradient boosting,3,4288,0,0.5073513399248228
Gradient boosting,3,4297,1,0.5451203971848312
Gradient boosting,3,4305,0,0.3225291386541966
Gradient boosting,3,4314,0,0.34780651578636146
Gradient boosting,3,4336,1,0.4222063925272139
Gradient boosting,3,4348,0,0.2725715577931645
Gradient boosting,3,4413,1,0.3459739913563969
Gradient boosting,3,4418,0,0.1884543334472005
Gradient boosting,3,4420,1,0.48992119396400674
Gradient boosting,3,4422,0,0.5654767600832807
Gradient boosting,3,4428,0,0.5382138191329031
Gradient boosting,3,4503,1,0.6187647776084712
Gradient boosting,3,4533,1,0.6000762080158198
Gradient boosting,3,4537,1,0.18688471365979534
Gradient boosting,3,4545,1,0.2602907838111086
Gradient boosting,3,4566,1,0.3709418906551763
Gradient boosting,3,4575,1,0.6768115126438203
Gradient boosting,3,4583,0,0.22794016082343468
Gradient boosting,3,4593,1,0.32651899233664006
Gradient boosting,3,4603,0,0.26552989789400705
Gradient boosting,3,4628,1,0.6644246630052381
Gradient boosting,3,4635,1,0.4905063062562492
Gradient boosting,3,4646,1,0.5606782050331826
Gradient boosting,3,4668,1,0.28129970179047936
Gradient boosting,3,4685,0,0.2889253741816373
Gradient boosting,3,4689,1,0.2718051676676151
Gradient boosting,3,4694,1,0.39873005252016497
Gradient boosting,3,4704,0,0.26954103015830344
Gradient boosting,3,4708,0,0.6556442333676727
Gradient boosting,3,4731,1,0.2903704970682788
Gradient boosting,3,4732,1,0.5822311039640317
Gradient boosting,3,4746,0,0.3261608992744215
Gradient boosting,3,4777,1,0.35783897422787836
Gradient boosting,3,4783,0,0.4339419213532133
Gradient boosting,3,4805,0,0.24672411635399666
Gradient boosting,3,4814,1,0.47834177375470827
Gradient boosting,3,4821,0,0.24593341273582917
Gradient boosting,3,4844,1,0.7441329726488771
Gradient boosting,3,4845,0,0.39206999616717003
Gradient boosting,3,4851,1,0.44634939834268983
Gradient boosting,3,4859,0,0.40197087704139906
Gradient boosting,3,4879,0,0.3215820096965614
Gradient boosting,3,4898,0,0.570657347755183
Gradient boosting,3,4931,0,0.24640610790685705
Gradient boosting,3,4945,0,0.2538942653173169
Gradient boosting,3,4973,1,0.4712466128939197
